City,Number_crimes
Abbeville,148
Aberdeen,396
AberdeenTownship,15
Abernathy,2
Abilene,468
Abingdon,7
Abington,23
AbingtonTownshipMontgomeryCounty,53
Absecon,8
Achille,0
Ackerman,2
Acton,32
Acushnet,12
Acworth,16
Ada,74
Adair,1
Adairsville,7
Adairville,0
Adams,35
AdamsTownshipButlerCounty,13
AdamsVillage,0
Adamstown,5
Adamsville,6
Addis,9
Addison,153
AddisonTownandVillage,3
AddisonTownship,6
Adel,11
Adelanto,276
Adrian,144
AdrianTownship,2
Advance,4
Afton,0
AftonVillage,0
Agawam,82
AgouraHills,21
Ahoskie,56
Aiken,178
AirwayHeights,27
Aitkin,2
Akeley,2
Akron,1784
AkronVillage,1
Alachua,41
Alameda,162
Alamo,103
AlamoHeights,7
Alamogordo,109
Alamosa,63
Alba,0
Albany,1638
Albemarle,146
AlbertLea,38
Albia,14
Albion,80
AlbionVillage,17
Albuquerque,7596
Alcester,0
Alcoa,85
Aledo,0
AleppoTownship,0
Alexander,15
Alexandria,1060
Alexis,1
AlfredVillage,1
Algoma,2
Algona,27
Algonquin,23
Algood,13
Alhambra,161
Alice,103
AlisoViejo,27
Allegan,10
AlleganyVillage,1
AlleghenyTownshipBlairCounty,22
Allen,90
AllenPark,48
Allendale,76
Allenhurst,0
Allenstown,10
Allentown,471
Alliance,28
Alma,65
Almont,11
Alpena,58
Alpha,1
Alpharetta,75
Alpine,13
Alsip,53
Alstead,3
Alta,0
AltaVista,0
Altamont,3
AltamonteSprings,107
Altha,0
Alton,278
Altoona,273
Alturas,10
Altus,42
Alva,6
Alvarado,17
Alvin,65
Amarillo,1447
Amber,0
AmberleyVillage,2
Amboy,6
AmericanCanyon,53
AmericanFalls,2
AmericanForkCedarHills,18
AmericanTownship,0
Americus,127
Amery,8
Ames,135
Amesbury,25
Amherst,109
AmherstTown,141
Amity,1
AmityvilleVillage,3
Amsterdam,40
Anacortes,20
Anadarko,48
Anaheim,1120
Anchorage,3581
Anderson,303
Andover,8
AndoverTownship,0
Andrews,59
AngelFire,2
AngelicaVillage,0
AngelsCamp,6
Angleton,50
AnnArbor,309
Anna,48
Annandale,3
Annapolis,252
Annawan,1
Anoka,44
Ansonia,36
Anthony,56
Antioch,665
Antlers,0
Antrim,3
Apache,7
ApacheJunction,95
Apex,53
Apopka,206
Appalachia,6
AppleValley,390
Appleton,212
AppletonCity,2
Aquinnah,2
ArcadeVillage,2
Arcadia,143
Arcanum,0
Arcata,72
Archbold,5
ArcherCity,6
Archie,1
Arcola,5
Ardmore,205
ArdsleyVillage,1
ArgentineTownship,3
ArkansasCity,65
Arlington,2136
ArlingtonHeights,33
Arma,5
ArmaghTownship,2
Arnold,32
ArroyoGrande,27
Artesia,137
Arthur,1
Arvada,266
Arvin,196
AsburyPark,179
AshFlat,5
AshGrove,2
AsharokenVillage,0
Ashburnham,8
Ashdown,13
Asheville,695
Ashland,201
AshlandCity,12
Ashton,6
Ashville,4
Ashwaubenon,21
Aspen,9
Assumption,4
Astatula,3
Astoria,75
Atascadero,65
Atchison,41
Athens,189
AthensTownship,12
Atherton,12
Athol,47
Atkins,11
Atkinson,0
Atlanta,45
Atlantic,22
AtlanticBeach,45
AtlanticCity,323
AtlanticHighlands,3
Atlantis,6
Atoka,20
Attica,4
AtticaVillage,0
Attleboro,123
Atwater,206
Atwood,6
AuGres,0
Aubrey,7
Auburn,119
AuburnHills,82
Auburndale,55
Audubon,11
AudubonPark,2
Augusta,94
Aurora,3356
Austin,4011
Ava,8
Avalon,33
Avant,0
Avenal,69
Aventura,69
Aviston,1
Avoca,0
Avon,25
AvonbytheSea,1
Avondale,251
Ayer,14
Aynor,3
Azle,14
Azusa,144
Babbitt,0
BadAxe,7
Bailey,2
Baileyton,2
Baileyville,15
Bainbridge,81
BainbridgeIsland,10
BainbridgeTownship,4
Baird,2
Baker,54
BakerCity,22
Bakersfield,1766
BalHarbourVillage,0
BalchSprings,165
BalconesHeights,38
BaldHeadIsland,0
BaldKnob,23
BaldwinBorough,18
BaldwinPark,188
BaldwinTownship,4
BaldwinsvilleVillage,0
Ballinger,2
BallstonSpaVillage,2
Baltimore,11101
BaltimoreCitySheriff,0
Bamberg,16
Bancroft,0
Bangor,70
Bangs,1
Banks,1
BannerElk,5
Banning,136
Bannockburn,0
BarHarbor,3
Baraboo,28
Barberton,69
Barbourville,8
Bardstown,15
Bardwell,0
Barker,0
Barling,28
BarnegatLight,0
BarnegatTownship,12
Barnesville,22
Barneveld,1
Barnsdall,3
Barnstable,178
Barnstead,3
Barnwell,89
BarodaLakeTownship,6
Barre,80
BarreTown,6
Barrington,15
BarringtonHills,0
Barron,10
Barry,2
BarryTownship,1
Barryton,0
Barstow,274
Bartlesville,111
Bartlett,213
Bartonville,24
Bartow,77
Basalt,1
Basehor,1
Bastrop,102
Batavia,36
BatesburgLeesville,61
Batesville,53
Bath,4
BathTownship,14
BathTownshipSummitCounty,5
BathVillage,12
BatonRouge,2066
BattleCreek,568
BattleGround,17
BattleLake,0
Battlefield,0
Baxter,15
BaxterSprings,6
Bay,3
BayCity,271
BayHarborIslands,3
BayHead,0
BayVillage,4
Bayard,20
Bayfield,2
Bayonne,145
Bayport,1
Bayside,3
Baytown,325
BazettaTownship,7
BeachHaven,0
Beachwood,12
Beacon,24
BeanStation,8
BearValley,11
Bearden,1
Beardstown,45
Beatrice,22
Beattyville,3
Beaufort,58
Beaumont,1333
BeauxArts,0
Beaver,1
BeaverDam,28
BeaverTownship,3
Beavercreek,33
Beaverton,218
Becker,8
Becket,3
Bedford,226
BedfordPark,9
BedfordTown,1
BedminsterTownship,2
BeeCave,5
Beebe,23
BeechMountain,0
Beecher,8
Beeville,28
Beggs,1
BelAir,21
BelAire,11
BelNor,1
Belchertown,16
Belding,6
Belen,144
Belfast,3
Belfield,1
Belgium,0
Belgrade,35
BelgradeBrooten,0
Belhaven,0
Bell,168
BellGardens,147
BellaVilla,3
BellaVista,49
Bellaire,33
Bellbrook,0
BelleFourche,11
BelleGlade,200
BelleIsle,16
BelleMeade,1
BellePlaine,2
Belleair,1
BelleairBeach,1
BelleairBluffs,2
Bellefontaine,25
BellefontaineNeighbors,124
Bellefonte,0
Belleview,20
Belleville,320
Bellevue,308
Bellflower,327
Bellingham,276
Bellmawr,13
Bellmead,99
BellowsFalls,7
Bells,7
Bellville,13
Bellwood,128
Belmar,8
Belmont,70
BelmontVillage,0
Beloit,162
BeloitTown,7
Belpre,4
Belton,126
Belvedere,1
Belvidere,72
Bemidji,83
BenAvonHeights,0
Benbrook,38
Bend,154
Benicia,16
Bennettsville,53
Bennington,64
Bensenville,17
Benson,31
Benton,220
BentonHarbor,190
BentonTownship,287
Bentonville,119
Berea,28
Beresford,0
Bergenfield,15
Berkeley,715
BerkeleyHeightsTownship,4
BerkeleyTownship,44
Berkley,17
Berlin,68
BerlinTownship,3
Bernalillo,85
BernardsTownship,0
Bernardston,5
Bernardsville,2
Bernice,6
Bernie,1
BerrienSpringsOronokoTownship,12
BerryHill,15
Berryville,26
Berthold,1
Bertrand,0
Berwick,9
Berwyn,114
BerwynHeights,7
BessemerCity,13
Bethalto,10
Bethany,75
BethanyBeach,3
Bethel,144
BethelHeights,4
BethelTownshipBerksCounty,1
Bethlehem,5
BethlehemTown,29
Bettendorf,46
Beulah,4
Beverly,58
BeverlyHills,110
Bexley,12
Biddeford,92
BigBear,76
BigBend,0
BigCabin,3
BigLake,5
BigRapids,26
BigSandy,1
BigSpring,152
BigStoneGap,4
BigWater,3
Biggs,3
BiglerTownshipRegional,0
Billerica,22
Billings,3
Biloxi,188
BiltmoreForest,0
Bingen,1
Binghamton,355
BirchRun,3
Birchwood,0
Birmingham,10
BirminghamTownship,3
BiscaynePark,6
Biscoe,6
Bishop,36
Bishopville,86
Bismarck,228
Bixby,30
BlackHawk,8
BlackMountain,8
BlackRiver,0
BlackRiverFalls,5
Blackburn,0
Blackduck,2
Blackfoot,42
BlacklickTownship,0
BlackmanTownship,85
Blacksburg,60
Blackshear,10
Blackstone,13
Blackville,23
Blackwell,13
Bladensburg,59
Blades,4
Blaine,61
Blair,12
BlairTownship,6
BlairstownTownship,5
Blakely,41
Blanchard,1
Blanchardville,1
Blanchester,3
Blanco,3
Blandinsville,0
BlasdellVillage,5
Blawnox,2
Blissfield,7
Bloomer,11
Bloomfield,73
BloomfieldHills,5
BloomfieldTownship,11
BloomingGroveTown,6
BloomingPrairie,0
Bloomingdale,24
Bloomington,590
Blossburg,2
Blountstown,6
BlueAsh,14
BlueEarth,2
BlueIsland,127
BlueMound,5
BlueSprings,99
Bluefield,9
BluffCity,4
Bluffdale,25
Bluffs,0
Bluffton,55
Blythe,92
BlytheTownship,0
Blytheville,109
Boardman,13
BocaRaton,186
Boerne,23
Bogalusa,147
Bogata,3
Bogota,2
BoilingSpringLakes,10
Boise,649
BoiseCity,3
Bokchito,4
Boley,3
Bolingbrook,123
Bolivar,103
Bolton,2
BoltonTown,0
Bonham,20
Bonifay,3
Bonneauville,1
BonnerSprings,20
BonnersFerry,1
BonneyLake,35
Bono,6
Boone,62
Booneville,17
Boonsboro,1
Boonton,11
BoontonTownship,2
Boonville,16
BoonvilleVillage,1
BoothbayHarbor,3
BordentownCity,2
BordentownTownship,11
Boscawen,8
BosqueFarms,18
BossierCity,546
Boston,4244
Bothell,30
Boulder,280
BoulderCity,19
BoundBrook,16
Bountiful,36
Bourbonnais,57
Bourne,54
Bow,5
BowMar,0
Bowie,87
BowlingGreen,245
Bowman,16
BoxElder,42
Boxborough,4
Boxford,0
Boyceville,3
Boyd,1
Boylston,4
BoyneCity,13
BoyntonBeach,566
BoysTown,8
Brackenridge,7
Bradbury,1
Braddock,3
Bradenton,360
BradentonBeach,2
Bradford,5
Bradley,41
BradleyBeach,6
Brady,9
Braham,1
Braidwood,10
Brainerd,63
Braintree,45
BranchburgTownship,4
Branchville,1
Brandenburg,3
Brandon,39
BrandonFairwater,0
BrandonTownship,12
Branford,9
Branson,73
BransonWest,3
BrantTown,0
Braselton,8
Braswell,0
Brattleboro,48
Brawley,121
Brazoria,10
Brea,72
BreauxBridge,42
Breckenridge,36
BrecknockTownshipBerksCounty,0
Breese,5
BreezyPoint,0
BreitungTownship,1
Bremerton,168
Brenham,93
Brentwood,239
Brevard,18
Brewer,3
Brewster,27
BriarcliffManorVillage,0
BrickTownship,83
Bridgeport,866
BridgeportTownship,49
Bridger,0
Bridgeton,223
Bridgeview,42
Bridgeville,12
Bridgewater,59
BridgewaterTownship,7
Bridgman,3
Bridgton,6
Brielle,2
Brier,2
Brigantine,1
BrighamCity,41
Brighton,152
BrightonTown,25
Brillion,5
BrimfieldTownship,7
Brinkley,29
Brisbane,10
Bristol,263
BristolBayBorough,2
BristolTownship,93
Bristow,10
Broadmoor,11
Broadview,20
Broadway,0
BrockportVillage,10
Brockton,782
Brodhead,1
BrokenArrow,138
BrokenBow,44
Bronson,11
BronxvilleVillage,0
Brookfield,41
BrookfieldTownship,6
Brookhaven,257
Brookings,54
Brookland,7
Brooklawn,16
Brookline,57
Brooklyn,17
BrooklynCenter,108
BrooklynPark,299
Brookneal,2
Brookshire,22
Brooksville,50
Broomfield,75
Broussard,32
BrownCity,2
BrownDeer,40
Brownfield,25
Brownsboro,1
Brownsburg,40
BrownstownTownship,75
Brownsville,927
Brownton,0
BrownvilleVillage,0
Brownwood,61
Bruceton,4
Brunswick,42
Brusly,11
Bryan,370
Bryant,32
Buchanan,21
BuchananVillage,2
Buckeye,107
BuckinghamTownship,0
Buckley,10
Bucklin,0
Bucksport,2
Bucyrus,25
Buda,20
Buellton,3
Buena,4
BuenaPark,246
BuenaVista,8
BuenaVistaTownship,92
Buffalo,2559
BuffaloGrove,11
BuffaloLake,1
Buhl,16
BullShoals,2
Bullard,7
BullheadCity,129
Bulverde,3
BunkerHill,0
Bunn,1
Bunnell,33
Burbank,243
Burgaw,13
Burgin,0
Burien,180
Burkburnett,24
Burke,0
Burkesville,0
Burleson,113
Burlingame,74
Burlington,732
BurlingtonCity,51
BurlingtonTownship,31
Burnet,20
Burnettown,1
Burns,13
Burnside,1
Burnsville,103
BurrRidge,7
Burrillville,9
Burton,136
Butler,67
ButlerTownship,23
ButlerTownshipButlerCounty,24
Butner,33
Buxton,12
Byram,17
ByramTownship,10
Byron,3
Cabool,5
Cabot,100
Cache,18
Cactus,16
Caddo,0
CaddoValley,1
Cadillac,52
Cadiz,5
CaernarvonTownshipBerksCounty,8
Cahokia,83
CairoTown,1
Calabasas,35
Calais,6
Caldwell,213
Caledonia,21
Calera,4
Calexico,94
Calhoun,51
CalhounFalls,14
Califon,0
CaliforniaCity,83
Calimesa,22
Calistoga,6
CalnTownship,28
Calumet,0
CalumetCity,186
Calvert,6
CalvertCity,0
CalvertonPark,10
Camarillo,58
Camas,10
Cambria,1
Cambridge,461
CambridgeSprings,5
CambridgeTownship,5
CambridgeVillage,0
Camden,206
CamdenCountyPoliceDepartment,1159
CamdenVillage,0
Camdenton,18
Cameron,42
CamillusTownandVillage,17
CammackVillage,0
CampVerde,46
Campbell,101
CampbellTownship,1
Campbellsport,0
Campbellsville,29
Campton,5
CamptonHills,1
CanajoharieVillage,1
CanalFulton,7
Canalou,0
Canandaigua,45
CanastotaVillage,7
Canby,32
Candia,1
Caney,0
Canfield,0
CanisteoVillage,4
CannonBeach,0
CannonFalls,1
Canon,0
CanonCity,103
Canonsburg,7
Canterbury,2
Canton,1141
CantonTownship,120
CantonVillage,3
Canyon,14
CanyonLake,15
Capac,5
CapeCarteret,4
CapeCharles,4
CapeCoral,226
CapeElizabeth,1
CapeGirardeau,233
CapeMay,4
CapeMayPoint,0
CapeVincentVillage,0
Capitan,3
CapitolHeights,19
Capitola,30
Carbondale,217
Cardington,2
Carencro,34
Caribou,8
Carlin,15
Carlinville,23
Carlisle,14
Carlsbad,240
Carlstadt,8
Carlton,2
Carlyle,7
Carmel,41
CarmelTown,8
Carnegie,29
Carney,0
CarneysPointTownship,17
Caro,12
CarolStream,29
CarolinaBeach,29
Carpentersville,21
Carpinteria,11
CarrabassettValley,1
Carrington,1
Carrizozo,3
Carroll,9
CarrollTown,0
CarrollTownship,1
Carrollton,13
CarrolltonTownship,10
Carrolltown,1
Carson,444
CarsonCity,3
Carteret,32
Carthage,88
CarthageVillage,1
Caruthersville,65
Carver,26
Cary,122
Caryville,3
CasaGrande,274
Cascade,0
Caseville,0
Casey,8
Caseyville,23
Cashion,0
Cashton,2
Casper,169
CaspianGaastra,4
CassCity,1
Casselberry,90
Cassopolis,2
Cassville,15
CastleHills,17
CastleRock,31
Castleton,3
Castroville,8
Catasauqua,14
CathedralCity,144
Catlettsburg,2
Catlin,1
Catoosa,38
CatskillVillage,6
CattaraugusVillage,0
Cavalier,0
CaveCity,3
CaveSprings,3
Cayce,138
CayugaHeightsVillage,0
CazenoviaVillage,2
CedarBluff,1
CedarCity,93
CedarGroveTownship,6
CedarHill,99
CedarKey,1
CedarPark,57
CedarRapids,345
Cedarburg,2
Cedarville,10
Celina,16
Cement,0
CentennialLakes,15
Center,36
CenterHarbor,0
CenterHill,1
CenterLine,28
Centerton,53
Centertown,0
Centerville,81
Central,1
CentralBucksRegional,8
CentralCity,15
CentralFalls,82
CentralLake,0
CentralMarin,32
CentralPoint,31
CentralSquareVillage,0
Centralia,241
CentreIslandVillage,0
Centreville,42
Ceres,209
Cerritos,127
Chadron,10
ChagrinFalls,1
Challis,2
Chamberlain,16
Chambersburg,59
Champaign,827
Champlin,25
Chandler,608
Channahon,7
ChapelHill,64
Chapin,3
Chardon,9
CharlesCity,8
CharlesTown,9
Charleston,596
Charlestown,14
Charlevoix,10
Charlotte,28
CharlotteMecklenburg,6982
Charlottesville,157
Charlton,8
ChartiersTownship,3
ChaseCity,5
Chaska,16
Chatham,14
ChathamTownship,0
ChathamVillage,0
Chattahoochee,16
Chattanooga,1946
Cheboygan,18
Checotah,15
CheektowagaTown,187
Chehalis,22
Chelmsford,34
Chelsea,277
Chenequa,0
Cheney,41
Chenoa,2
Cheraw,61
Cherokee,2
CherokeeVillage,10
CherryHillTownship,59
CherryHillsVillage,3
CherryValley,16
Cherryvale,5
Cherryville,16
Chesaning,2
Chesapeake,1112
Cheshire,14
Chesilhurst,4
Chesnee,3
Chester,576
ChesterTown,8
ChesterTownship,0
ChesterVillage,0
Chesterfield,4
ChesterfieldTownship,90
Chesterton,9
Chestertown,13
Cheswold,6
Chetek,6
Cheverly,24
Cheviot,23
ChevyChaseVillage,0
Chewelah,1
Cheyenne,220
Chicago,25532
ChicagoHeights,228
ChicagoRidge,17
Chichester,2
Chickasha,71
Chico,557
Chicopee,340
Chiefland,0
ChikamingTownship,5
Childress,4
Chilhowie,0
Chillicothe,159
Chilmark,3
Chilton,2
Chincoteague,4
Chino,329
ChinoHills,95
ChinoValley,37
Chipley,26
ChippewaFalls,50
Chisholm,6
ChittenangoVillage,1
ChocolayTownship,11
Chocowinity,6
Choctaw,14
Chouteau,2
Chowchilla,39
Christiansburg,31
Christopher,3
Chubbuck,37
ChulaVista,904
ChurchHill,0
ChurchPoint,39
Cibolo,39
Cicero,258
CiceroTown,5
Cincinnati,2562
CinnaminsonTownship,16
Circleville,47
Cisco,12
CitrusHeights,313
Claflin,0
ClaraCity,1
Clare,10
Claremont,51
Claremore,23
ClarendonHills,5
Clarinda,24
Clarion,2
Clark,0
ClarkTownship,14
Clarkdale,3
Clarksburg,0
Clarkson,0
Clarkston,74
ClarkstownTown,56
Clarksville,1073
Clawson,7
Claxton,19
ClayCenter,23
ClayCity,0
ClayTownship,23
Clayton,78
ClaytonTownship,9
ClaytonVillage,0
CleElum,5
ClearLake,31
Clearbrook,3
ClearcreekTownship,2
Clearfield,56
Clearlake,119
Clearwater,473
Cleburne,101
Clementon,13
Clemson,32
Cleona,0
Clermont,79
Cleveland,6315
ClevelandHeights,95
Clever,2
Cleves,2
Clewiston,26
CliffsidePark,18
Clifton,98
CliftonForge,8
Clinton,355
ClintonTownship,300
Clintwood,0
Clio,11
Clive,7
Cloquet,10
Closter,5
Cloudcroft,1
Clover,19
Cloverdale,16
Clovis,504
Clute,46
Clyde,4
ClydeHill,0
ClydeVillage,3
Coachella,126
CoalCity,4
CoalRunVillage,0
CoalValley,5
Coalgate,4
Coalinga,41
CobleskillVillage,15
Coburg,4
Cochranton,2
Cocoa,151
CocoaBeach,64
CoconutCreek,82
Cody,17
Coeburn,2
CoeurdAlene,132
CoeymansTown,17
Coffeyville,60
Cohasset,3
CohoctonTown,0
Cohoes,37
CoitsvilleTownship,3
Colbert,8
Colby,14
ColbyAbbotsford,2
Colchester,27
ColchesterTown,5
Colcord,1
ColdSpring,3
ColdSpringRichmond,3
ColdSpringVillage,1
Coldwater,47
Colebrook,1
Coleman,24
ColerainTownship,67
Colfax,3
CollegePark,177
CollegePlace,11
CollegeStation,225
Collegedale,10
Collegeville,1
Colleyville,5
Collierville,119
Collingswood,16
Collinsville,75
Collinwood,0
Colma,28
ColmarManor,6
ColomaTownship,14
Colon,2
Colona,13
ColonialBeach,11
ColonialHeights,71
ColonieTown,62
Colony,1
ColoradoCity,13
ColoradoSprings,2806
Colstrip,2
Colton,215
ColtsNeckTownship,4
Columbia,1716
ColumbiaCity,13
ColumbiaFalls,11
ColumbiaHeights,60
ColumbiaTownship,12
Columbiana,2
ColumbineValley,0
Columbus,4671
Colusa,6
Comanche,18
Comfrey,0
Commerce,147
CommerceCity,272
CommerceTownship,26
Compton,1104
Concord,740
Concordia,40
Connell,11
Constantine,6
Converse,152
Conway,457
Cookeville,121
Cooleemee,0
Coolidge,70
CooperCity,26
Coopertown,4
CoosBay,76
CopleyTownship,14
Coppell,25
CopperasCove,129
Coquille,19
CoralGables,50
CoralSprings,195
Coralville,69
Corbin,9
Corcoran,118
Cordell,1
Corder,0
Cordova,0
Corinth,16
Cornelius,35
Cornell,0
Cornersville,3
Corning,38
Cornish,0
CornwallTown,2
CornwallonHudsonVillage,1
Corona,291
Coronado,9
CorpusChristi,2616
Corrales,12
Corrigan,12
Corsicana,176
Cortez,43
Cortland,60
Corunna,10
CostaMesa,312
Cotati,40
CottageCity,2
CottageGrove,32
Cotter,3
Cottleville,5
Cottonwood,45
CottonwoodHeights,54
CouncilBluffs,493
CountryClubHills,58
Countryside,9
Coventry,43
CovertTownship,12
Covina,171
Covington,356
CovingtonTownship,7
Cowan,1
Coward,4
Cowden,0
Coweta,23
Cowpens,4
CoxsackieVillage,0
Cozad,6
CrabOrchard,0
Crafton,12
Craig,21
CranburyTownship,3
Crandall,16
Crandon,3
Crane,6
CranfordTownship,4
Cranston,127
CrawfordTown,1
Crawfordsville,65
Creedmoor,10
Crescent,2
CrescentCity,33
Cresskill,2
CressonTownship,1
CrestHill,55
CrestedButte,2
Creston,26
Crestview,96
Crete,65
CreveCoeur,14
Crewe,9
CrippleCreek,8
Crisfield,3
Crockett,34
Cromwell,5
Crookston,23
Crosby,0
CrossCity,2
CrossPlains,4
Crossett,30
Crosslake,0
Crossville,42
Croswell,14
CrotononHudsonVillage,3
Crowley,196
CrownPoint,7
Crystal,60
CrystalCity,14
CrystalFalls,3
CrystalLake,45
Cuba,11
CubaCity,0
CubaTown,1
Cudahy,118
Cuero,49
Cullen,2
Culpeper,32
CulverCity,182
Cumberland,187
CumberlandCity,2
CumberlandTownshipGreeneCounty,9
Cumby,0
CumruTownship,16
Cupertino,55
Cushing,10
CutBank,36
CutlerBay,94
CuyahogaFalls,50
Cynthiana,6
Cypress,52
Cyril,1
DIberville,10
Dacono,5
DadeCity,36
Dagsboro,2
Daingerfield,14
Dalhart,35
Dallas,11832
DallasCity,2
DallasTownship,1
Dalton,6
DalworthingtonGardens,2
DalyCity,232
Damariscotta,1
Damascus,0
Dana,0
DanaPoint,52
Danbury,97
Dandridge,12
DaniaBeach,221
DansvilleVillage,1
Danube,3
Danvers,40
Danville,715
DarbyTownship,68
Dardanelle,28
Darien,14
Darlington,91
Darrington,4
Dartmouth,77
Davenport,614
Davidson,8
Davie,276
Davis,113
Davison,10
DavisonTownship,26
Dawson,0
DawsonBoyd,0
DawsonSprings,2
Dayton,1392
DaytonaBeach,794
DaytonaBeachShores,9
DeFuniakSprings,29
DeKalb,250
DeLand,198
DeLeon,2
DePere,20
DeQueen,33
DeSoto,187
DeWitt,40
DeWittTown,36
DeWittTownship,23
Deadwood,3
Deal,0
Dearborn,305
DearbornHeights,227
Decatur,419
Decaturville,0
Decherd,19
Decorah,9
Dedham,7
Deephaven,1
DeerCreek,1
DeerLodge,7
DeerPark,50
DeerRiver,3
Deerfield,13
DeerfieldBeach,351
Deering,2
DeerparkTown,11
Defiance,22
Deforest,10
DelCity,188
DelMar,7
DelReyOaks,7
DelRio,38
Delafield,4
DelancoTownship,2
Delano,205
Delavan,19
DelavanTown,8
Delaware,60
DelawareCity,11
DelawareTownship,0
DelhiTownship,21
DelhiVillage,8
Delmar,29
DelranTownship,8
DelrayBeach,336
Delta,10
Demarest,2
Deming,135
Denison,125
Denmark,31
Dennis,88
Dennison,0
Denton,342
DentonTownship,2
Denver,5459
DenverCity,1
DenvilleTownship,6
Depew,0
DepewVillage,15
DepositVillage,1
DeptfordTownship,40
Derby,49
Derry,33
DesArc,8
DesMoines,1641
DesPlaines,56
DesertHotSprings,255
Detroit,13040
DetroitLakes,14
DevilsLake,20
Devine,5
Dewar,2
Dewey,5
DeweyBeach,7
Dexter,16
DexterVillage,0
Diamond,1
DiamondBar,72
Diamondville,1
Diaz,1
Dibble,2
Dickinson,118
Dickson,113
Dillard,0
Dilley,10
Dillingham,49
Dillon,11
Dilworth,6
Dimmitt,23
Dinuba,161
DistrictHeights,20
Divernon,0
Dixfield,3
Dixon,106
DobbsFerryVillage,4
DodgeCity,129
Dodgeville,6
Donalsonville,11
Donna,139
Doolittle,0
Doral,62
Dorris,4
DosPalos,64
DoubleOak,0
Douglas,26
Douglasville,182
Dover,427
DoverFoxcroft,2
Dowagiac,45
DownersGrove,46
Downey,352
DoylestownTownship,12
Dracut,30
Draper,69
Dresden,2
Drexel,0
Drumright,2
DryRidge,0
DrydenTownship,2
DrydenVillage,4
DuQuoin,14
Duarte,55
Dublin,137
DublinBorough,4
Dubuque,110
Duck,0
Dudley,32
DueWest,0
Duenweg,3
Duluth,292
Dumas,40
Dumfries,7
Dumont,6
Dunbarton,3
Duncan,44
Duncansville,1
Duncanville,174
Dundas,0
Dunedin,39
Dunellen,14
Dunkirk,21
Dunlap,23
Dunn,56
Dunnellon,8
DunnstableTownship,0
Dunsmuir,14
Dunstable,3
Dunwoody,64
Dupo,7
Dupont,20
Duquesne,1
Durand,9
Durango,75
Durant,67
Durham,2052
DurhamTown,0
Duvall,5
Duxbury,9
Dwight,4
Dyer,4
Dyersburg,180
Dyersville,5
Eagan,39
Eagar,11
EagleLake,10
EaglePass,37
EaglePoint,16
EagleRiver,2
EagleVillage,1
Eagleville,0
Earle,15
Earlville,1
Early,27
Easley,98
EastAlton,24
EastAuroraAuroraTown,2
EastBangor,0
EastBrandywineTownship,4
EastBridgewater,27
EastBrookfield,4
EastBrunswickTownship,27
EastChicago,201
EastCleveland,97
EastDubuque,6
EastDundee,2
EastFranklinTownship,0
EastGrandForks,11
EastGrandRapids,4
EastGreenbushTown,10
EastGreenville,0
EastGreenwich,5
EastGreenwichTownship,0
EastHampton,3
EastHanoverTownship,3
EastHartford,76
EastHaven,36
EastHazelCrest,2
EastHelena,11
EastJordan,4
EastKingston,1
EastLansing,88
EastLiverpool,13
EastLongmeadow,24
EastLyme,8
EastLynne,0
EastMillinocket,0
EastNewark,1
EastOrange,275
EastPalestine,8
EastPaloAlto,144
EastPeoria,70
EastProvidence,62
EastRange,8
EastRidge,91
EastRochesterVillage,6
EastRutherford,4
EastSpencer,7
EastStLouis,268
EastTaylorTownship,2
EastTroy,7
EastWenatchee,8
EastWindsor,14
EastWindsorTownship,16
EastamptonTownship,3
EastchesterTown,3
Eastham,5
Easthampton,37
Eastlake,12
Eastland,8
Easton,92
Eastpointe,223
Eastport,3
Eastvale,83
Eaton,9
EatonRapids,31
Eatonton,15
Eatontown,34
Eatonville,58
EauClaire,191
Ecorse,117
Eddystone,21
Eddyville,0
Eden,88
EdenPrairie,52
EdenTown,2
EdenValley,0
Edenton,39
Edgar,1
EdgarSprings,0
Edgartown,20
Edgerton,1
Edgewater,35
EdgewaterParkTownship,16
Edgewood,51
Edgeworth,0
Edina,48
Edinburg,284
Edinburgh,29
Edison,3
EdisonTownship,84
EdistoBeach,1
Edmond,138
Edmonds,87
Edmonston,1
Edmonton,0
Edmundson,3
Edna,7
Edwards,21
Edwardsville,38
Effingham,70
EggHarborCity,21
EggHarborTownship,52
Ehrhardt,3
ElCajon,552
ElCampo,41
ElCentro,143
ElCerrito,152
ElDorado,256
ElDoradoSprings,19
ElMirage,84
ElMonte,304
ElPaso,2452
ElPortal,2
ElReno,42
ElSegundo,82
Elberton,27
Elburn,1
Elderton,0
Eldon,14
Eldorado,7
Eldridge,2
Electra,6
Elgin,237
Eliot,7
Elizabeth,931
ElizabethCity,89
ElizabethTownship,12
Elizabethton,81
Elizabethtown,66
ElkCity,13
ElkGrove,372
ElkGroveVillage,30
ElkMound,3
ElkPoint,4
ElkRapids,0
ElkRiver,15
ElkTownship,0
Elkhart,4
ElkhartLake,0
Elkhorn,12
ElkhornCity,0
Elkins,24
Elkland,3
Elko,69
ElkoNewMarket,1
Elkton,155
Ellendale,2
Ellensburg,45
EllenvilleVillage,9
Ellettsville,10
EllicottTown,13
Ellicottville,0
Ellijay,2
Ellinwood,2
Ellisville,14
Ellsworth,19
ElmGrove,4
Elmer,1
Elmhurst,35
Elmira,83
ElmiraHeightsVillage,4
ElmiraTown,0
ElmoreCity,10
ElmsfordVillage,3
Elmwood,2
ElmwoodPark,90
Elon,8
Elsa,20
Elsie,0
ElsinboroTownship,2
Elsmere,20
Elwood,27
Ely,2
Elyria,137
Emerado,0
Emerson,8
Emeryville,166
Eminence,1
Emmetsburg,8
Emmett,25
EmmettTownship,43
Emporia,48
Emporium,5
Encinitas,86
Endeavor,0
Energy,0
Enfield,77
England,21
Englewood,173
EnglewoodCliffs,1
Englishtown,3
Enid,204
Ennis,20
Enoch,20
Enumclaw,6
Ephraim,21
Ephrata,17
EphrataTownship,8
Epping,3
Epps,0
Epsom,3
Erath,7
Erick,0
Erie,504
Erin,2
Erlanger,16
Erving,0
Erwin,40
Escalon,16
Escanaba,60
Escondido,536
Essex,19
EssexFells,0
Essexville,0
Estancia,1
EstesPark,10
Estherville,9
Estill,37
EstillSprings,16
Ethridge,2
Etna,8
Eton,0
Etowah,15
Eubank,0
Euclid,243
Eudora,17
Eufaula,10
Eugene,675
Euless,107
Eunice,52
Eureka,221
EurekaSprings,22
Eustis,53
Eutawville,2
Evans,47
EvansTown,20
Evansdale,18
Evanston,144
Evansville,728
Evart,13
Evarts,0
Eveleth,11
Evendale,5
EverestMetropolitan,76
Everett,586
EvergreenPark,62
Everson,1
EveshamTownship,29
EwingTownship,60
ExcelsiorSprings,15
Exeter,54
Exmore,9
FairBluff,1
FairHaven,5
FairHavenTownship,0
FairLawn,7
FairOaksRanch,6
Fairbanks,247
Fairborn,88
Fairburn,77
Fairbury,7
Fairfax,22
FairfaxCity,18
Fairfield,582
FairfieldBay,10
FairfieldTownship,21
FairfieldTownshipEssexCounty,0
Fairhaven,51
Fairmont,40
FairmontCity,0
Fairmount,9
FairmountHeights,10
Fairplay,0
FairportVillage,2
Fairview,65
FairviewHeights,41
FairviewPark,7
Faith,0
Falfurrias,15
FallCreek,1
FallRiver,774
FallsChurch,10
FallsCity,8
Falmouth,117
Fanwood,2
FarHills,0
Farber,0
Fargo,574
Faribault,61
FarmersBranch,63
Farmersville,42
Farmerville,19
Farmington,131
FarmingtonHills,87
Farmville,58
Farwell,2
Fate,6
FawnTownship,2
Fayette,7
FayetteCity,0
Fayetteville,2284
FederalWay,330
Federalsburg,14
Fellsmere,5
Felton,2
Fennimore,6
Fennville,0
Fenton,21
FergusFalls,47
Ferguson,0
FernandinaBeach,25
Ferndale,54
Ferris,6
Fessenden,0
Fieldsboro,0
Fife,78
Fillmore,20
Findlay,107
Fircrest,11
Firebaugh,11
Firestone,6
Fisher,0
Fishers,51
FishkillTown,8
FishkillVillage,1
Fitchburg,310
Fithian,0
Fitzwilliam,0
FlaglerBeach,3
Flagstaff,367
Flandreau,18
FlatRock,17
Flatonia,1
Flatwoods,1
Fleming,0
FlemingNeon,0
Flemingsburg,2
Flemington,10
Flint,1284
FlintTownship,241
Flippin,5
Floodwood,1
Flora,6
FloralParkVillage,8
FlordellHills,6
Florence,569
FlorenceTownship,17
Floresville,19
FlorhamPark,1
FloridaCity,319
FloridaVillage,0
Flossmoor,14
FlowerMound,43
Flowood,19
Floydada,17
Flushing,6
FlushingTownship,11
Foley,0
Folkston,31
Folsom,82
FondduLac,134
Fontana,741
FordCity,4
Fordland,2
Fordyce,42
ForestAcres,64
ForestCity,42
ForestGrove,52
ForestHeights,9
ForestHill,36
ForestLake,30
ForestPark,255
ForestView,4
Foristell,3
Forks,11
ForksTownship,4
Forney,32
ForrestCity,129
Forsyth,5
ForsythTownship,12
FortAtkinson,26
FortBragg,32
FortCobb,0
FortCollins,371
FortDodge,101
FortEdwardVillage,2
FortFairfield,1
FortGibson,12
FortJones,2
FortKent,0
FortLauderdale,1098
FortLee,25
FortMadison,69
FortMill,22
FortMitchell,7
FortMorgan,43
FortMyers,486
FortPierce,259
FortPlainVillage,9
FortScott,39
FortSmith,863
FortStockton,27
FortThomas,5
FortTowson,4
FortWaltonBeach,68
FortWayne,974
FortWorth,4068
FortWright,4
Fortuna,28
Foster,3
FosterCity,39
FosterTownshipMcKeanCounty,4
Fountain,127
FountainInn,45
FountainValley,53
FourOaks,7
Fowler,29
Fowlerville,5
FoxCrossing,25
FoxLake,20
FoxPoint,3
FoxRiverGrove,2
FoxValleyMetro,25
Foxborough,35
Frackville,6
Framingham,297
Franconia,1
Frankenmuth,5
Frankfort,100
FrankfortTown,3
FrankfortVillage,6
Franklin,342
FranklinLakes,5
FranklinPark,41
FranklinSprings,0
FranklinTownshipColumbiaCounty,3
FranklinTownshipGloucesterCounty,15
FranklinTownshipHunterdonCounty,0
FranklinTownshipSomersetCounty,58
Franklinton,44
FranklinvilleVillage,0
Frankston,2
Fraser,33
FraserWinterPark,14
Frazeysburg,3
Frederick,318
Fredericksburg,13
Fredericktown,5
Fredonia,1
Freeburg,3
Freedom,0
FreeholdBorough,22
FreeholdTownship,34
Freeman,1
Freeport,96
FreeportVillage,72
Freetown,15
Fremont,460
FrenchSettlement,1
Frenchtown,0
Fridley,88
Friendship,5
FriendshipTown,0
Friendswood,26
Friona,3
Frisco,171
FrontRoyal,28
Frontenac,12
Frostburg,14
Fruita,22
Fruitland,18
FruitlandPark,25
FruitportTownship,16
Fryeburg,1
Fulda,0
Fullerton,373
Fulshear,0
Fulton,11
FuquayVarina,26
Gadsden,0
Gaffney,102
Gagetown,0
Gahanna,44
GainesTownship,3
Gainesboro,0
Gainesville,1017
Galax,29
Galena,12
GalenaPark,22
Galesburg,138
Galesville,0
Galien,0
Gallatin,117
Gallaway,1
Gallipolis,8
GallowayTownship,62
Gallup,437
Galt,77
Galveston,243
GalwayVillage,0
Ganado,3
Gans,1
GardenCity,279
GardenCityVillage,9
GardenGrove,505
GardenPlain,0
GardenRidge,0
Gardena,324
Gardiner,4
Gardner,102
Garfield,51
GarfieldTownship,0
Garland,738
Garner,79
Garnett,7
Garwood,1
Gary,414
Gassville,9
Gaston,4
GateCity,4
Gates,2
GatesMills,0
GatesTown,55
Gatesville,23
Gatlinburg,20
Gautier,53
Gaylord,23
Gearhart,0
Geary,6
GeddesTown,4
GeneseeTownship,63
GeneseoVillage,3
Geneva,36
GenevaTown,2
Genoa,8
GenoaCity,0
Gentry,15
Georgetown,299
Gering,9
Germantown,63
GerrishTownship,2
Gervais,2
Gibbsboro,1
Gibraltar,4
Gibson,0
GibsonCity,5
Gibsonville,17
Giddings,26
Gifford,1
GigHarbor,14
Gilbert,248
Gilberts,1
Gilford,5
Gill,0
Gillespie,23
Gillett,0
Gillette,43
Gilman,1
Gilmanton,7
Gilmer,32
Gilroy,251
GladeSpring,0
Gladewater,14
Gladstone,118
Gladwin,18
Glasford,0
Glasgow,40
Glassboro,31
Glastonbury,22
Gleason,5
GlenCarbon,4
GlenCove,5
GlenDale,1
GlenEllyn,20
GlenParkVillage,0
GlenRidge,4
GlenRock,0
Glenarden,4
Glencoe,7
Glendale,1178
GlendaleHeights,28
Glendive,5
Glendora,155
GlennHeights,45
Glennville,5
Glenpool,78
Glenrock,3
GlensFalls,28
Glenview,50
GlenvilleTown,12
Glenwood,46
GlenwoodSprings,27
Globe,134
Glocester,4
Gloucester,58
GloucesterCity,20
GloucesterTownship,63
Glouster,3
Gloversville,66
Goddard,4
Godley,2
Goessel,0
Goffstown,18
GoldBar,5
GoldenBeach,1
GoldenValley,18
Goldendale,9
Goldsboro,267
Goleta,40
Golf,0
Gonzales,159
Goodfield,1
Gooding,2
Goodland,15
Goodlettsville,53
Goodman,0
Goodview,3
Goodwell,0
Goodyear,172
Gordonsville,9
Gore,2
Gorham,10
Goshen,0
GoshenTown,2
GoshenTownshipClermontCounty,16
GoshenTownshipMahoningCounty,3
GoshenVillage,2
Gosnell,14
Gothenburg,0
Gouldsboro,0
GowandaVillage,4
Graceville,15
Grafton,34
Graham,10
GrainValley,21
Gramercy,4
Granbury,26
Granby,9
GrandBlanc,11
GrandBlancTownship,61
GrandChute,69
GrandCoulee,8
GrandForks,166
GrandHaven,28
GrandIsland,236
GrandJunction,236
GrandLedge,5
GrandPrairie,428
GrandRapids,1309
GrandRidge,0
GrandSaline,4
GrandTerrace,37
Grandfield,1
Grandview,202
GrandviewHeights,9
GrandviewPlaza,18
Grandville,39
Grangeville,7
Granite,4
GraniteCity,233
GraniteFalls,7
GraniteShoals,7
Grant,1
GrantPark,1
Grantfork,0
Grantham,0
Grants,49
GrantsPass,121
Grantsburg,6
Grantsville,36
Grantville,24
Granville,5
GranvilleVillage,3
GrassValley,73
Gravette,14
Grayling,7
GraymoorDevondale,1
Grayslake,13
Grayson,5
Graysville,11
Grayville,7
GreatBarrington,11
GreatFalls,309
GreatNeckEstatesVillage,0
GreeceTown,167
Greeley,386
GreenBay,529
GreenBrookTownship,1
GreenCoveSprings,30
GreenForest,18
GreenLake,1
GreenMountainFalls,0
GreenOakTownship,15
GreenRiver,22
GreenTownship,37
GreenacresCity,117
Greenbelt,110
Greenbrier,33
GreenburghTown,43
Greendale,13
GreeneCountyRegionalPoliceDepartment,1
GreeneVillage,0
Greeneville,50
Greenfield,257
Greenhills,1
Greenland,6
GreenportTown,0
Greensboro,2443
Greensburg,5
Greenup,3
Greenville,955
Greenwich,22
GreenwichTownshipGloucesterCounty,2
GreenwichTownshipWarrenCounty,1
GreenwichVillage,0
Greenwood,484
GreenwoodLakeVillage,2
Greer,143
Gregory,3
Gresham,490
Gretna,125
Greybull,0
Gridley,29
Griffith,11
Grinnell,39
Groesbeck,5
GrosseIleTownship,1
GrossePointe,6
GrossePointeFarms,9
GrossePointePark,14
GrossePointeShores,1
GrossePointeWoods,25
Groton,24
GrotonLongPoint,0
GrotonTown,34
GrotonVillage,0
Grottoes,1
Grove,17
GroveCity,50
Groveland,28
Groveport,10
GroverBeach,13
Groves,85
Grovetown,22
Grundy,1
Guadalupe,15
GuilderlandTown,23
Guilford,10
GulfBreeze,5
GulfStream,2
Gulfport,264
GunBarrelCity,10
Gunnison,20
Gunter,2
Gurdon,19
Gurnee,40
Gustine,21
Guthrie,22
Guttenberg,27
Guymon,36
Hackensack,103
Hackettstown,3
HaddonHeights,3
HaddonTownship,33
Haddonfield,5
Hadley,26
Hagerman,1
Hagerstown,224
Hailey,20
Haileyville,2
Haines,9
HainesCity,45
Hainesville,4
Haledon,31
HalesCorners,6
Halifax,10
HallandaleBeach,178
Hallettsville,13
Hallock,0
Hallowell,4
Halls,3
Halstead,1
HaltomCity,126
Hamburg,18
HamburgTown,43
HamburgTownship,5
HamburgVillage,2
Hamden,199
Hamel,3
Hamilton,299
HamiltonTownshipAtlanticCounty,49
HamiltonTownshipMercerCounty,122
HamiltonTownshipWarrenCounty,13
HamiltonVillage,0
Hamlin,2
Hammond,315
Hammonton,25
Hampden,2
Hampshire,10
Hampstead,14
Hampton,463
HamptonFalls,2
HamptonTownship,16
Hamtramck,174
Hanahan,55
Hancock,6
HancockVillage,2
Hanford,257
Hanna,0
Hanover,47
HanoverPark,30
HanoverTownship,12
Hanson,17
Harahan,12
HarborBeach,9
HarborSprings,1
Hardeeville,53
Hardin,1
HardingTownship,3
Hardinsburg,2
Hardwick,19
HardystonTownship,1
HarkerHeights,65
Harlan,13
Harlingen,273
HarperWoods,110
Harrah,5
Harriman,29
HarrimanVillage,3
Harrington,35
HarringtonPark,0
Harrisburg,518
Harrison,103
HarrisonTown,0
HarrisonTownship,1
Harrisonburg,112
Harrisonville,28
Harrisville,11
Harrodsburg,9
Hart,17
Hartford,1106
HartfordCity,15
HartfordTownship,0
Hartland,9
Hartshorne,3
Hartsville,108
Hartville,0
Harvard,24
Harvey,0
HarveyCedars,0
HarveysLake,0
Harwich,22
HarwoodHeights,33
HasbrouckHeights,3
Haskell,27
Hastings,102
HastingsonHudsonVillage,2
Hatch,16
Hatfield,2
Hattiesburg,106
Havana,34
Havelock,52
Haven,1
Havensville,0
Haverhill,351
HavredeGrace,36
HawRiver,5
HawaiianGardens,76
Hawarden,8
Hawesville,0
Hawkins,4
Hawley,1
Haworth,1
HawthornWoods,2
Hawthorne,636
Hayden,9
Haymarket,0
Hays,56
Haysi,0
Hayti,23
Hayward,560
Hazard,14
HazelCrest,61
HazelGreen,0
HazelPark,40
Hazelwood,113
Hazen,6
HazletTownship,31
Healdsburg,17
Healdton,7
Hearne,16
Heath,36
Heavener,9
Heber,11
HeberSprings,24
Hector,0
HedwigVillage,6
Helena,190
HelenaWestHelena,187
Helmetta,0
Helotes,2
Helper,5
Hemet,343
Hemingway,2
HempsteadVillage,297
Henderson,965
Hendersonville,161
Hennessey,5
Henniker,12
Henning,0
Henry,0
Henryetta,11
Herculaneum,5
Hercules,31
Hereford,81
Herington,7
HeritageCreek,0
HerkimerVillage,41
Hermann,3
Hermantown,9
Hermiston,47
HermosaBeach,51
Herndon,64
Herrin,43
Herscher,1
Hertford,13
Hesperia,465
Hesston,6
Hewitt,13
Heyburn,2
HiNella,2
Hialeah,503
HialeahGardens,30
Hiawatha,36
Hibbing,41
Hickman,0
Hickory,165
HickoryCreek,5
HickoryHills,21
Hidalgo,50
HiddenHills,1
Higginsville,3
HighBridge,1
HighPoint,828
HighSprings,28
Highland,399
HighlandBeach,4
HighlandHeights,5
HighlandPark,273
HighlandTownship,8
HighlandVillage,8
Highlands,6
HighlandsTown,0
Highlandville,0
Highspire,12
Hightstown,6
HillCity,1
HillCountryVillage,3
Hilliard,26
Hillsboro,339
HillsboroBeach,2
Hillsborough,55
HillsboroughTownship,13
Hillsdale,40
Hillside,29
HillsideTownship,64
Hillsville,7
HilltownTownship,13
Hillview,8
Hinckley,0
HinckleyTownship,3
Hines,1
Hinesburg,5
Hingham,30
Hinsdale,10
Hinton,2
HoHoKus,0
Hobart,47
HobartLawrence,8
Hoboken,79
Hodgenville,4
Hodgkins,7
HoffmanEstates,65
Hohenwald,22
Hoisington,6
Hokah,0
Holbrook,72
Holden,3
Holdenville,20
Holderness,0
Holdrege,14
Holland,129
HollandTownship,2
HolleyVillage,1
Hollis,11
Hollister,121
Holliston,13
HollowRock,0
Holly,5
HollyHill,56
HollyRidge,9
HollySprings,25
Hollywood,456
HollywoodPark,4
HolmdelTownship,17
Holmen,9
HolmesBeach,0
Holton,5
Holtville,14
Holyoke,345
Holyrood,0
Homer,12
HomerGlen,6
HomerVillage,1
Homerville,2
Homestead,684
Homewood,35
Hominy,14
Honaker,2
Hondo,36
HoneaPath,12
HoneyGrove,2
Honolulu,2638
HoodRiver,13
Hooker,1
Hooks,2
Hooksett,12
Hoopeston,37
HoosickFallsVillage,5
Hoover,114
Hopatcong,8
Hope,70
HopeMills,111
Hopedale,12
Hopewell,75
HopewellBorough,0
HopewellTownship,7
Hopkins,33
Hopkinsville,90
Hopkinton,5
Horicon,2
HorizonCity,7
HornLake,31
Hornbeak,0
Hornersville,1
HorseCave,1
HorseheadsVillage,4
HorseshoeBay,7
Horton,3
Hortonville,1
HotSprings,252
Hotchkiss,2
Houghton,3
Houlton,20
Houma,209
Houston,25263
HowardLake,1
Howardville,1
Howe,7
Howell,32
HowellTownship,31
HoweyintheHills,3
HowlandTownship,20
Hoxie,5
HuachucaCity,6
Hubbard,7
HubbardTownship,6
HuberHeights,76
Hudson,74
HudsonFallsVillage,14
HudsonOaks,6
Hughestown,1
Hughson,5
Hugo,24
Hulbert,1
Hull,47
Humansville,3
Humble,189
Humboldt,63
Huntersville,79
Huntingdon,1
Huntington,333
HuntingtonBayVillage,0
HuntingtonBeach,386
HuntingtonPark,458
HuntingtonWoods,0
Huntland,0
Huntley,4
Huntsville,1
Hurley,3
Hurlock,2
Huron,147
HuronTownship,26
Hurricane,36
Hurst,82
HurstbourneAcres,0
Hurt,2
Hutchins,23
Hutchinson,184
Hyattsville,85
HydeParkTown,4
Hyden,0
Hydro,0
Hypoluxo,2
Iberia,1
Ida,0
Idabel,43
IdahoFalls,172
IdahoSprings,14
Idalou,10
Ignacio,4
IlionVillage,38
Ilwaco,2
ImlayCity,6
Imperial,5
ImperialBeach,72
Ina,0
Independence,854
IndependenceTown,2
IndependenceTownship,36
IndependenceTownshipBeaverCounty,2
Indialantic,4
IndianBeach,0
IndianCreekVillage,0
IndianHarbourBeach,4
IndianHeadPark,1
IndianHill,0
IndianHills,0
IndianRiverShores,0
IndianRocksBeach,8
IndianShores,1
IndianWells,13
Indiana,88
Indianola,115
Indio,530
Industry,72
Ingleside,23
Inglewood,671
Ingram,6
Inkster,242
InletTown,0
Inman,8
Interlaken,0
InternationalFalls,13
InverGroveHeights,78
Inverness,0
Iola,23
Ione,11
Ionia,44
Iowa,11
IowaCity,167
IowaFalls,11
IowaPark,3
Ipswich,19
Irmo,39
IronMountain,7
IronRidge,0
IronRiver,16
Ironton,19
Ironwood,8
Irvine,190
Irving,617
Irvington,282
IrvingtonVillage,0
Irwindale,26
Isanti,6
Ishpeming,12
IshpemingTownship,3
IslandHeights,0
IslandLake,7
Isle,3
IsleofPalms,1
Islesboro,0
Isleton,7
Issaquah,20
Itasca,8
Ithaca,41
Iva,4
Ivyland,0
JacintoCity,13
Jacksboro,11
Jackson,1075
JacksonTownship,25
JacksonTownshipCambriaCounty,4
JacksonTownshipLuzerneCounty,0
JacksonTownshipMontgomeryCounty,8
JacksonTownshipStarkCounty,52
Jacksonville,6237
JacksonvilleBeach,113
Jal,14
Jamesburg,10
Jamestown,256
Janesville,153
Jarrell,1
Jasper,90
Jay,20
Jefferson,18
JeffersonCity,133
JeffersonHillsBorough,25
JeffersonTownship,10
Jeffersontown,31
Jeffersonville,114
Jellico,7
Jena,3
Jenkins,0
Jenks,27
Jennings,3
Jericho,0
Jerome,43
JerseyCity,1393
JerseyVillage,18
Jerseyville,33
Johnson,6
JohnsonCity,286
JohnsonCityVillage,61
Johnsonville,1
Johnston,61
Johnstown,30
Joliet,751
Jones,5
JonesCreek,2
Jonesboro,537
Jonesborough,20
Jonesburg,0
Jonestown,9
Jonesville,9
Joplin,307
Jordan,4
JordanVillage,0
Joshua,6
Jourdanton,1
Judsonia,12
JunctionCity,219
Juneau,293
JunoBeach,1
Jupiter,118
JupiterInletColony,1
JupiterIsland,1
JurupaValley,317
Justice,4
Kadoka,2
Kalama,3
Kalamazoo,949
KalamazooTownship,96
Kalispell,102
Kalkaska,1
Kanab,8
Kankakee,236
Kannapolis,132
Kanopolis,0
Kansas,0
KansasCity,7099
Kaplan,32
KarnesCity,9
Kasson,6
Katy,60
Kaufman,17
Kaukauna,14
Kaysville,23
Keansburg,21
Kearney,7
Kearny,55
KeegoHarbor,1
Keene,52
Keizer,61
Keller,25
Kellogg,4
Kelso,33
Kemmerer,1
Kenai,75
Kenansville,2
Kenbridge,0
Kenedy,43
Kenilworth,10
Kenmare,0
Kenmore,18
KenmoreVillage,11
Kennebunk,8
Kennebunkport,2
Kennedale,19
Kenner,149
Kennesaw,48
KennethCity,18
Kennewick,253
Kenosha,311
Kensett,7
Kensington,6
KensingtonVillage,0
Kent,516
KentTown,5
Kenton,26
Kentwood,162
Kerens,9
Kerman,23
Kermit,22
Kernersville,65
Kerrville,50
Kersey,3
Ketchikan,40
Ketchum,12
Kettering,56
Kewanee,55
Kewaskum,2
Kewaunee,5
KeyBiscayne,5
KeyColonyBeach,0
KeyWest,96
Keyport,12
Kiefer,2
Kiel,11
Kildeer,0
Kilgore,46
KillDevilHills,19
Killdeer,3
Killeen,583
Killington,0
Kilmarnock,1
Kimball,5
KimberlingCity,8
Kimberly,5
Kimmswick,0
Kincaid,5
Kinde,0
Kinder,10
King,9
KingCity,20
Kingfisher,17
Kingman,110
KingsMountain,15
KingsPointVillage,2
Kingsburg,18
Kingsford,10
Kingsport,332
Kingston,101
KingstonSprings,1
KingstonTownship,4
Kingstree,17
Kingsville,130
Kinnelon,1
KinrossTownship,8
Kiowa,5
Kirby,22
KirklandTown,0
Kirtland,6
Kissimmee,368
Kittery,8
KittyHawk,4
KlamathFalls,105
Knightdale,42
KnoxCity,2
Knoxville,1259
Kodiak,49
Kohler,0
Kokomo,392
Konawa,6
Kosciusko,23
Kotzebue,77
Kountze,6
Krebs,2
Kronenwetter,7
KrotzSprings,8
Kyle,68
LaCanadaFlintridge,15
LaCenter,3
LaCrescent,2
LaCrosse,122
LaFarge,0
LaFeria,19
LaFollette,52
LaGrande,14
LaGrange,39
LaGrangePark,6
LaGrulla,6
LaHabra,140
LaHabraHeights,4
LaHarpe,0
LaJunta,32
LaMarque,71
LaMesa,174
LaMirada,86
LaPalma,17
LaPlata,50
LaPorte,199
LaPuente,151
LaQuinta,68
LaSalle,11
LaVergne,142
LaVerkin,8
LaVerne,51
LaVernia,1
LaVista,19
Lacey,105
LaceyTownship,25
Lackawanna,81
Lacon,3
Laconia,37
LacyLakeview,17
Ladd,0
Ladue,8
LadyLake,16
Ladysmith,3
Lafayette,1117
LagoVista,18
LagunaBeach,38
LagunaHills,32
LagunaNiguel,43
LagunaVista,5
LagunaWoods,7
Lahoma,6
Laingsburg,2
LakeAlfred,3
LakeAngelus,0
LakeArthur,7
LakeBluff,1
LakeCharles,413
LakeCity,294
LakeClarkeShores,4
LakeComo,1
LakeCrystal,5
LakeDallas,22
LakeDelton,24
LakeElsinore,173
LakeForest,74
LakeForestPark,3
LakeGeneva,9
LakeHallie,12
LakeHamilton,2
LakeHavasuCity,87
LakeHelen,3
LakeJackson,57
LakeLinden,0
LakeLotawana,1
LakeMary,20
LakeMills,10
LakeOdessa,2
LakeOrion,6
LakeOswego,24
LakeOzark,1
LakePark,86
LakePlacid,14
LakePlacidVillage,3
LakeQuivira,0
LakeShastina,3
LakeShore,0
LakeStLouis,22
LakeStevens,44
LakeSuccessVillage,0
LakeTapawingo,3
LakeVilla,5
LakeVillage,20
LakeWales,55
LakeWorth,415
LakeZurich,8
Lakehurst,5
LakeintheHills,19
Lakeland,350
Lakemoor,1
Lakemore,8
Lakeport,34
LakesArea,11
Lakeshire,1
Lakeside,3
LakesideParkCrestviewHills,3
Lakeview,5
LakeviewHarrisonCounty,5
Lakeville,61
Lakeway,9
Lakewood,745
LakewoodBusti,5
LakewoodTownship,148
Lamar,6
Lamberton,0
Lambertville,1
Lamesa,74
Lamont,1
Lampasas,15
Lanark,1
Lancaster,1642
LancasterTown,21
LancasterTownshipButlerCounty,1
LancasterTownshipLancasterCounty,21
Lander,0
LandoverHills,9
LanghorneBorough,2
LanghorneManor,0
Langley,2
Langston,1
Lansdale,23
Lansdowne,18
Lansford,26
Lansing,1450
LansingTownship,70
Lantana,78
Lapeer,35
LapeerTownship,1
Laramie,58
LarchmontVillage,2
Laredo,836
Largo,329
Larned,15
LasCruces,514
LasVegasMetropolitanPoliceDepartment,8854
Lathrop,2
LathrupVillage,3
LatimoreTownship,4
Latta,20
Lauderdale,3
LauderdaleLakes,329
LauderdalebytheSea,17
Lauderhill,571
Laurel,338
LaurelSprings,2
Laurens,80
Laurie,4
Laurinburg,160
Laurium,0
Lavallette,0
Lavon,4
Lavonia,15
Lawndale,125
Lawnside,6
Lawrence,719
LawrenceParkTownship,5
LawrenceTownship,6
LawrenceTownshipMercerCounty,45
Lawrenceburg,54
Lawrenceville,1
Lawson,9
Lawtey,4
Lawton,858
Layton,129
LeCenter,0
LeMars,24
LeRoy,6
LeSueur,0
Lead,2
Leadville,8
LeagueCity,121
Leander,67
Leawood,19
Lebanon,343
LebanonJunction,1
LebanonTownship,2
Lebo,0
Ledyard,6
Lee,11
LeesSummit,115
Leesburg,274
Leesville,55
Leetsdale,2
Lehighton,23
Leicester,23
Leitchfield,13
LemonGrove,167
Lemont,17
Lemoore,126
Lena,0
Lenexa,87
Lennon,0
Lennox,5
Lenoir,78
LenoirCity,37
Lenox,7
Lenzburg,0
Leominster,239
LeonValley,14
Leonia,3
Leslie,1
LesterPrairie,0
Levelland,140
Lewes,4
LewisboroTown,0
Lewisburg,3
Lewisport,0
Lewiston,149
LewistonTownandVillage,4
Lewisville,239
Lexington,1254
Libby,4
Liberty,50
LibertyHill,2
LibertyLake,8
LibertyVillage,29
Licking,8
LighthousePoint,9
Ligonier,1
Lilbourn,0
Lilburn,23
Lima,259
Limestone,2
Limon,0
Lincoln,1234
LincolnPark,226
LincolnTownship,14
Lincolnwood,14
Linden,165
Lindenhurst,5
Lindenwold,123
Lindsay,77
Lindsborg,1
LinnTownship,0
LinoLakes,19
Linwood,2
Lisbon,12
Lisle,9
Litchfield,23
LittleCompton,2
LittleEggHarborTownship,18
LittleFalls,22
LittleFallsTownship,20
LittleFerry,9
LittleFlock,10
LittleRiver,0
LittleRock,3009
LittleSilver,2
Littlefield,30
Littleton,70
LiveOak,97
Livermore,193
LivermoreFalls,16
LiverpoolVillage,0
Livingston,68
LivingstonTownship,6
Livonia,167
LloydHarborVillage,3
LloydTown,7
Loami,0
LochArbour,0
Lockhart,2
Lockland,24
Lockport,21
LocustGrove,1
Lodi,274
Logan,141
LoganTownship,5
LomaLinda,77
Lombard,43
Lomira,2
Lomita,67
Lompoc,291
London,31
Londonderry,20
LoneGrove,0
LoneJack,5
LoneTree,47
LongBeach,2389
LongBeachTownship,10
LongBranch,109
LongHillTownship,3
LongPrairie,5
LongView,5
LongboatKey,0
Longmeadow,10
Longmont,422
Longport,1
Longview,475
Longwood,44
Lonoke,22
Lonsdale,1
Loogootee,7
LookoutMountain,0
LopatcongTownship,4
Lorain,289
Lordsburg,12
Lordstown,3
Lorena,11
Loretto,7
Loris,34
LosAlamitos,6
LosAltos,21
LosAltosHills,3
LosAngeles,29400
LosBanos,143
LosFresnos,53
LosGatos,14
LosLunas,205
Loudon,9
Loudonville,10
Louisa,6
Louisburg,29
Louisiana,12
Louisville,22
LouisvilleMetro,4640
Loveland,238
Lovelock,6
LovesPark,74
Lovington,16
Lowell,449
LowerAllenTownship,26
LowerAllowaysCreekTownship,1
LowerBurrell,16
LowerHeidelbergTownship,7
LowerMerionTownship,29
LowerSalfordTownship,0
LowerTownship,41
LowvilleVillage,3
LoxatacheeGroves,11
Loyall,0
Lubbock,2613
Ludington,32
Ludlow,79
Lufkin,184
Luke,0
Luling,25
Lumberton,22
LumbertonTownship,22
Lunenburg,23
Luray,11
Lusk,5
Lutcher,4
Luther,4
Luxemburg,3
Luxora,1
LuzerneTownship,0
Lyford,4
Lyman,24
LynbrookVillage,13
Lynchburg,316
Lyndeborough,0
Lynden,14
Lyndhurst,14
LyndhurstTownship,13
Lyndon,5
Lyndonville,3
Lynn,465
LynnHaven,29
Lynnfield,2
Lynnwood,113
Lynwood,454
LyonTownship,13
Lyons,16
Lytle,1
MacedonTownandVillage,5
MachesneyPark,56
Machias,2
MackinacIsland,2
Mackinaw,3
MackinawCity,0
Macksville,0
Macomb,59
Madawaska,0
Madbury,0
MadeiraBeach,14
Madelia,3
Madera,334
Madill,10
Madison,976
MadisonHeights,53
MadisonTownship,11
MadisonTownshipFranklinCounty,18
MadisonTownshipLakeCounty,9
Madisonville,58
Madras,21
Magdalena,3
MaggieValley,14
Magnolia,27
Mahomet,10
MahoningTownshipCarbonCounty,20
MahoningTownshipLawrenceCounty,1
MahwahTownship,8
Maitland,28
Maize,8
Malden,162
Malibu,44
MaloneVillage,12
Malvern,2
MalverneVillage,2
MamaroneckTown,2
MamaroneckVillage,16
Mammoth,3
MammothLakes,42
Manalapan,3
ManalapanTownship,18
Manasquan,7
Manassas,103
ManassasPark,21
Manawa,10
Mancelona,0
Manchester,874
ManchesterTownship,12
ManchesterVillage,0
ManchesterbytheSea,2
Mancos,2
Mandan,85
Mandeville,18
MangoniaPark,33
Mangum,9
Manhattan,8
ManhattanBeach,55
Manheim,25
Manistee,23
Manistique,16
ManitouSprings,5
Manitowoc,73
Mankato,110
ManliusTown,19
Mannford,5
Manning,58
Manor,48
ManorTownshipArmstrongCounty,1
ManorTownshipLancasterCounty,8
Mansfield,319
MansfieldTownshipBurlingtonCounty,8
MansfieldTownshipWarrenCounty,3
Manteca,199
Manteno,30
Manteo,5
Mantoloking,0
Manton,0
MantuaTownship,3
Manvel,10
Manville,6
Many,0
MapleBluff,0
MapleGrove,58
MaplePark,0
MapleShadeTownship,54
MapleValley,15
Mapleton,3
Maplewood,184
MaplewoodTownship,22
Maquoketa,15
Marana,35
MarathonCity,2
MarbleFalls,23
MarbleHill,1
Marblehead,22
MarcellusVillage,0
MarcoIsland,7
MareniscoTownship,0
Marfa,5
Margate,99
MargateCity,6
Marianna,93
Maricopa,85
Mariemont,0
Marietta,284
Marina,43
MarineCity,9
Marinette,11
Marion,391
MarionTownshipBeaverCounty,0
Marissa,13
MarkedTree,17
Markesan,2
Marksville,119
MarlboroTownship,9
Marlborough,150
MarlboroughTown,3
Marlette,6
Marlow,10
Marmaduke,6
MarpleTownship,7
Marquette,26
MarquetteHeights,0
Marseilles,10
Marshall,218
MarshallVillage,6
Marshalltown,105
Marshfield,68
Marshville,16
Martin,45
Martinez,83
MartinsFerry,12
Martinsburg,0
Martinsville,66
MarylandHeights,56
Marysville,283
Maryville,62
Mascotte,49
Mascoutah,2
Mashpee,39
Mason,32
MasonCity,185
Masontown,1
MassenaVillage,11
Massillon,72
Matawan,0
Mathis,21
Mattapoisett,12
Mattawan,15
Matteson,253
Matthews,59
Mattoon,82
Mauldin,57
Maumee,14
Maumelle,28
MauryCity,1
Mauston,14
MaybrookVillage,1
Mayetta,0
Mayfield,40
MayfieldHeights,12
Mayflower,10
Maynard,24
Maynardville,7
Maysville,24
Mayville,12
Maywood,231
Mazon,1
McAlester,99
McAllen,140
McCall,13
McColl,28
McConnelsville,0
McCook,13
McCormick,10
McCrory,11
McCurtain,1
McDonaldBorough,4
McDonough,72
McEwen,4
McFarland,72
McGehee,31
McGregor,21
McHenry,40
McIntyre,0
McKee,0
McKeesport,318
McKenzie,23
McKinney,287
McLean,1
McLeansboro,4
McLoud,8
McLouth,1
McMinnville,199
McPherson,24
McRae,1
McSherrystown,2
Mead,4
Meade,6
MeadowVale,0
MeadowsPlace,5
Mebane,45
MechanicFalls,5
Mechanicsburg,14
Mechanicville,7
Medford,130
MedfordLakes,3
MedfordTownship,19
Medina,14
MedinaVillage,12
Medley,11
Medora,0
Medway,6
Meeker,10
Melbourne,579
MelbourneBeach,2
MelbourneVillage,0
Melissa,7
Melrose,34
MelrosePark,74
Melvindale,47
MemorialVillages,8
Memphis,12368
Mena,3
MenandsVillage,4
Menasha,48
Mendham,0
MendhamTownship,1
Mendon,4
Mendota,94
MendotaHeights,15
Menifee,145
MenloPark,50
Menno,0
Menominee,33
MenomoneeFalls,28
Menomonie,36
Mentor,63
MentorontheLake,11
Mequon,14
Merced,540
Mercedes,67
MercerIsland,8
Merchantville,4
Meredith,16
Meriden,157
Meridian,358
MeridianTownship,108
Merkel,17
Merriam,43
MerriamWoods,1
Merrill,14
Merrillville,50
Merrimac,2
Merrimack,4
Mesa,1953
Mesilla,0
Mesquite,711
MetamoraTownship,4
Methuen,95
MetroPoliceAuthorityofGeneseeCounty,49
Metropolis,33
MetropolitanNashvillePoliceDepartment,7376
Metuchen,11
Mexico,15
MexicoBeach,4
Miami,2947
MiamiBeach,852
MiamiGardens,841
MiamiLakes,33
MiamiShores,23
MiamiSprings,36
MiamiTownshipClermontCounty,22
MiamiTownshipMontgomeryCounty,63
Miamisburg,40
MiddleTownship,34
Middleboro,128
Middleburg,0
Middlebury,18
Middleport,0
MiddleportVillage,1
Middlesboro,24
Middlesex,0
MiddlesexBorough,6
Middleton,28
Middletown,396
MiddletownTownship,22
Midland,63
MidlandPark,2
Midlothian,21
Midway,1
MidwestCity,156
Milaca,10
Milan,80
Milbridge,1
MilesCity,22
Milford,196
MillCreek,17
MillValley,20
MillburnTownship,6
Millbury,24
MillcreekTownshipLebanonCounty,0
Milledgeville,1
Millen,31
Millersburg,0
Millersville,29
MillertonVillage,0
Milliken,1
Millington,105
Millinocket,1
Mills,3
Millsboro,27
Millstadt,16
Milltown,2
Millville,135
Milo,1
Milpitas,102
Milton,117
MiltonFreewater,14
MiltonTown,0
MiltonTownship,1
Milwaukee,7874
Minco,1
Minden,108
MineHillTownship,2
Mineola,5
MineralPoint,3
MineralSprings,1
MineralWells,22
MingoJunction,44
Minier,1
Minneapolis,3993
Minneola,15
Minneota,1
Minnetonka,30
Minnetrista,3
Minocqua,9
MinorHill,0
Minot,130
MintHill,59
Miramar,310
Mishicot,0
Mission,105
MissionHills,1
MissionViejo,65
Missoula,310
MissouriCity,107
MissouriValley,13
Mitchell,59
Moab,42
Moberly,83
Mobridge,13
Mocksville,14
Modesto,1758
MohawkVillage,3
Mokena,16
Molalla,9
Moline,219
MolineAcres,22
Momence,1
Monahans,36
MoncksCorner,55
Monee,4
Monette,1
Monmouth,39
MonmouthBeach,2
Monona,9
Monongahela,12
Monroe,1329
MonroeCity,2
MonroeTownshipGloucesterCounty,26
MonroeTownshipMiddlesexCounty,19
MonroeVillage,7
Monroeville,3
Monrovia,43
Monson,27
MontBelvieu,11
MontVernon,2
Montague,60
Montclair,292
MonteSereno,0
MonteVista,19
Monteagle,8
Montebello,178
Montello,1
Monterey,87
MontereyPark,126
Montesano,3
Montevideo,9
Montezuma,0
Montgomery,34
MontgomeryCity,0
MontgomeryTownship,5
MontgomeryVillage,0
Monticello,78
MonticelloVillage,25
Montoursville,4
Montpelier,27
Montrose,40
MontroseTownship,6
Montvale,1
MontvilleTownship,4
MoonTownship,13
Moonachie,0
Moorcroft,1
Moore,110
Moorefield,24
Mooreland,5
MoorestownTownship,18
Mooresville,65
Moorpark,26
MooseLake,4
Moraga,23
Moraine,41
MoraviaVillage,0
Morehead,7
MoreheadCity,28
Morehouse,0
Morenci,9
MorenoValley,847
MorganHill,52
Morganfield,2
MorgansPointResort,5
Morganton,82
Morgantown,69
MoriahTown,1
Moriarty,5
Morningside,9
Morrice,1
Morrilton,26
Morris,21
MorrisPlains,2
MorrisTownship,8
Morrison,19
Morrisonville,1
Morristown,310
Morrisville,12
MorroBay,21
Morrow,32
Morton,30
MortonGrove,19
Moscow,30
MoscowMills,4
Mosinee,4
Motley,0
Moultonborough,0
MoundCity,0
Mounds,6
MoundsView,27
Moundsville,29
MountAiry,5
MountAngel,4
MountArlington,0
MountCarmel,10
MountCarmelTownship,16
MountCrestedButte,7
MountDora,64
MountEphraim,5
MountHealthy,25
MountHollyTownship,27
MountHopeTown,1
MountHoreb,7
MountJackson,3
MountJuliet,59
MountLaurelTownship,57
MountMorris,26
MountMorrisTownship,130
MountOlive,31
MountOliveTownship,14
MountOrab,6
MountPleasant,307
MountPleasantTownship,1
MountProspect,29
MountPulaski,0
MountRainier,33
MountShasta,12
MountSterling,15
MountVernon,679
MountWashington,8
MountZion,17
MountainCity,1
MountainGrove,20
MountainHome,86
MountainLake,2
MountainLakes,0
MountainView,174
MountainVillage,1
Mountainburg,7
Mountainside,3
MountlakeTerrace,37
Moweaqua,0
Moxee,1
Mukilteo,22
Mukwonago,3
MukwonagoTown,5
Mulberry,14
Muldraugh,2
Muldrow,20
Muleshoe,3
MullicaTownship,2
Mullins,41
Mulvane,15
Mundelein,23
Munford,17
Munfordville,1
Munising,7
MunroeFalls,0
Munster,22
Murdo,0
Murfreesboro,620
Murphy,24
Murphysboro,54
Murray,238
Murrieta,77
Muscatine,47
Muscoda,5
Muskego,5
Muskegon,308
MuskegonHeights,232
MuskegonTownship,45
Muskogee,389
Mustang,47
MustangRidge,11
MyrtleBeach,415
MyrtleCreek,4
Nacogdoches,111
NagsHead,18
Nahant,12
Nahunta,0
Nampa,306
Nantucket,27
Napa,280
Naples,14
Napoleon,24
NapoleonTownship,5
Narragansett,14
Narrows,1
Nash,41
Nashua,129
Nashville,67
NassauVillage,0
Natalia,4
Natchitoches,177
Natick,37
NationalCity,364
NationalPark,3
Naugatuck,30
Navarre,7
Navasota,37
Nazareth,2
NebraskaCity,18
Nederland,64
Needham,10
Needles,71
Needville,1
Neenah,45
Negaunee,9
Neillsville,1
Nekoosa,0
Nelsonville,9
Neodesha,7
Neoga,3
Neosho,29
Nephi,5
NeptuneBeach,12
NeptuneCity,11
NeptuneTownship,95
Neshkoro,0
Netcong,11
Nevada,49
NevadaCity,15
NewAlbany,4
NewAthens,2
NewBaden,2
NewBaltimore,8
NewBedford,628
NewBerlin,20
NewBerlinTown,0
NewBern,125
NewBoston,92
NewBraintree,3
NewBraunfels,219
NewBremen,1
NewBrighton,31
NewBritain,306
NewBritainTownship,2
NewBrunswick,262
NewBuffalo,2
NewCanaan,2
NewCarrollton,33
NewCastle,25
NewCastleTown,1
NewDurham,3
NewEllenton,20
NewEra,0
NewFlorence,0
NewFranklin,8
NewGlarus,2
NewHampton,4
NewHanoverTownship,1
NewHartfordTownandVillage,17
NewHaven,1217
NewHolstein,1
NewHope,20
NewIpswich,3
NewJohnsonville,4
NewKensington,65
NewLebanon,3
NewLenox,29
NewLexington,16
NewLondon,86
NewLothrop,0
NewMarket,2
NewMartinsville,2
NewMilford,16
NewOrleans,4516
NewPhiladelphia,8
NewPortRichey,132
NewPrague,8
NewProvidence,0
NewRichland,0
NewRichmond,28
NewRochelle,98
NewSewickleyTownship,12
NewShoreham,3
NewSmyrnaBeach,67
NewTazewell,7
NewTown,0
NewUlm,8
NewWhiteland,3
NewWilmington,3
NewWindsorTown,28
NewYork,47821
NewYorkMills,0
NewYorkMillsVillage,0
Newark,2061
NewarkVillage,28
Newaygo,6
NewbergDundee,33
Newbern,11
Newberry,72
NewberryTownship,21
Newburgh,317
NewburghTown,22
Newbury,0
Newburyport,23
Newcastle,28
Newfield,2
Newfields,1
Newington,29
Newkirk,6
Newland,1
Newman,16
Newmarket,8
Newnan,222
Newport,352
NewportBeach,135
NewportNews,1056
NewportTownship,3
Newton,221
NewtonFalls,11
Newtown,6
Niagara,3
NiagaraFalls,431
NiagaraTown,4
Niangua,0
Niceville,11
Nicholasville,47
NicholsHills,3
NicomaPark,4
Niles,192
NinetySix,2
Ninnekah,0
Niota,2
NiskayunaTown,11
NissequogueVillage,0
Nisswa,0
Nitro,15
Nixa,29
Nixon,6
Noble,17
Noblesville,32
Nocona,2
Noel,5
Nogales,41
Nokomis,9
Nolanville,5
Nolensville,16
Nome,107
Norco,49
Norfolk,1358
NorfolkTown,1
Norfork,0
Normal,152
Norman,335
NormandyPark,1
Norridge,13
Norris,6
Norristown,170
NorthAdams,72
NorthAndover,17
NorthArlington,19
NorthAttleboro,24
NorthAugusta,55
NorthAurora,26
NorthBaltimore,3
NorthBayVillage,13
NorthBend,21
NorthBergenTownship,90
NorthBerwick,2
NorthBranch,14
NorthBranford,8
NorthBrunswickTownship,61
NorthCaldwell,5
NorthCanton,15
NorthCastleTown,4
NorthCharleston,1114
NorthCollegeHill,31
NorthCoventryTownship,1
NorthEast,12
NorthEnid,1
NorthFondduLac,7
NorthHaledon,3
NorthHampton,3
NorthHanoverTownship,3
NorthHaven,11
NorthHudson,2
NorthKansasCity,29
NorthKingstown,23
NorthLasVegas,2158
NorthLauderdale,230
NorthLiberty,70
NorthLittleRock,562
NorthMankato,14
NorthMiami,507
NorthMiamiBeach,279
NorthMiddletonTownship,4
NorthMuskegon,2
NorthMyrtleBeach,71
NorthNewton,0
NorthOgden,17
NorthOlmsted,8
NorthPalmBeach,10
NorthPark,10
NorthPekin,1
NorthPlainfield,47
NorthPlains,3
NorthPlatte,89
NorthPole,16
NorthPort,95
NorthPrairie,2
NorthProvidence,44
NorthReading,16
NorthRedingtonBeach,1
NorthRichlandHills,143
NorthRidgeville,13
NorthRiverside,37
NorthRoyalton,17
NorthSaltLake,25
NorthSewickleyTownship,7
NorthSiouxCity,6
NorthSlopeBorough,123
NorthSmithfield,6
NorthStPaul,20
NorthStrabaneTownship,35
NorthSyracuseVillage,14
NorthTonawanda,44
NorthUtica,0
NorthVersaillesTownship,31
NorthWildwood,6
NorthWilkesboro,16
Northampton,119
NorthamptonTownship,6
Northborough,3
Northbridge,31
Northbrook,9
Northeast,1
Northfield,43
NorthfieldTownship,16
Northglenn,180
Northlake,25
Northmoor,4
NorthportVillage,0
Northumberland,8
Northvale,0
Northville,8
NorthvilleTownship,20
Northwood,15
Norton,53
NortonShores,37
Norwalk,634
Norway,3
Norwell,11
Norwich,178
Norwood,48
NorwoodVillage,2
Nottingham,3
Novato,148
Novi,48
Nowata,13
NutleyTownship,28
OFallon,167
ONeill,8
OakBluffs,26
OakBrook,6
OakCreek,44
OakForest,51
OakGrove,41
OakHarbor,32
OakHill,5
OakIsland,15
OakLawn,83
OakPark,228
OakParkHeights,2
OakRidge,112
OakRidgeNorth,3
OakbrookTerrace,11
Oakdale,76
Oakes,3
Oakham,0
Oakland,5552
OaklandPark,294
OaklandTownship,2
Oakley,51
Oaklyn,5
Oakville,2
Oakwood,1
Oberlin,16
Obion,0
Oblong,8
Ocala,493
Occoquan,1
OceanBeachVillage,0
OceanCity,97
OceanGate,1
OceanIsleBeach,3
OceanPines,8
OceanRidge,1
OceanSprings,23
OceanTownshipMonmouthCounty,17
OceanTownshipOceanCounty,4
OceanView,1
Oceanport,12
Oceanside,712
Ocoee,155
Oconomowoc,13
OconomowocLake,0
OconomowocTown,3
Oconto,14
OcontoFalls,4
Odessa,1291
Oelwein,18
Ogallala,10
Ogden,384
OgdenTown,10
Ogdensburg,36
Ogunquit,0
OilCity,1
Oilton,0
Ojai,8
Okarche,0
Okawville,5
Okeechobee,13
Okemah,13
OklahomaCity,4751
Okmulgee,72
Olathe,290
OldBridgeTownship,39
OldBrookvilleVillage,1
OldForge,6
OldMonroe,0
OldOrchardBeach,25
OldSaybrook,2
OldTappan,0
OldTown,8
OldWestburyVillage,1
Oldsmar,17
Olean,45
OliveBranch,89
OliveHill,1
OliverSprings,2
Olivet,2
Olivia,8
Olla,0
OlmosPark,1
OlmstedFalls,4
OlmstedTownship,1
Olney,49
Olton,4
Olustee,0
Olympia,254
OlympiaFields,13
Omaha,2883
Omro,5
Onalaska,19
Onamia,3
Onancock,3
Onarga,1
Onawa,11
Oneida,51
OneontaCity,34
Onley,1
Ontario,748
OntwaTownshipEdwardsburg,19
Oologah,0
OpaLocka,323
Opelousas,394
Oradell,2
Orange,307
OrangeCity,214
OrangeCove,18
OrangePark,13
OrangetownTown,34
OrchardLake,2
OrchardParkTown,24
Ord,5
OreCity,5
Oregon,53
OregonCity,107
Orem,89
Orford,1
Orinda,17
Orion,1
OrionTownship,24
OriskanyVillage,0
Orland,33
OrlandHills,1
OrlandPark,26
Orlando,2157
Orleans,5
OrmondBeach,133
OroValley,22
Orono,21
Oronogo,1
Oroville,122
Orrville,21
Orting,12
Ortonville,1
Osage,4
OsageBeach,25
OsageCity,19
Osakis,2
Osawatomie,13
Osburn,1
Osceola,217
OscodaTownship,19
Oshkosh,190
Oskaloosa,54
Osseo,0
OssiningVillage,20
Ossipee,5
Oswego,24
OswegoCity,51
Othello,7
Otisville,0
Otsego,0
Ottawa,56
OttawaHills,0
Ottumwa,134
Overton,1
Ovid,0
Oviedo,56
Ovilla,1
Owasso,80
Owatonna,27
OwegoVillage,17
Owendale,0
Owensboro,135
Owensville,3
Owenton,0
Owingsville,1
Owosso,97
Oxford,128
OxfordTownship,15
OxfordVillage,0
Oxnard,724
OysterBayCoveVillage,1
OysterCreek,15
Ozark,89
Ozawkie,0
Pacific,10
PacificGrove,14
Pacifica,79
Pacolet,9
Paducah,71
Page,126
Pagedale,64
PagosaSprings,5
Pahokee,59
PaintedPostVillage,1
Paintsville,4
Palacios,15
Palatine,42
Palatka,53
Palestine,102
Palisade,6
PalisadesPark,16
PalmBay,396
PalmBeach,8
PalmBeachGardens,78
PalmBeachShores,2
PalmDesert,136
PalmSprings,428
PalmValley,0
Palmdale,658
Palmer,71
Palmerton,2
Palmetto,91
PalmettoBay,43
Palmyra,44
PalmyraVillage,4
PaloAlto,86
PalosHeights,5
PalosHills,19
PalosPark,1
PalosVerdesEstates,4
Pampa,127
Pamplico,7
PanamaCity,228
PanamaCityBeach,133
Panhandle,7
Pantego,11
Paola,13
Paoli,1
Papillion,40
Parachute,16
Paradise,22
ParadiseValley,10
Paragould,307
Paramount,347
Paramus,44
Paris,395
ParkCity,91
ParkFalls,6
ParkForest,85
ParkHills,38
ParkRapids,16
ParkRidge,12
Parker,78
Parkland,9
Parksley,0
Parkville,6
Parlier,62
Parma,119
ParsippanyTroyHillsTownship,23
Parsons,5
Pasadena,1452
Pascagoula,56
PasoRobles,53
PassChristian,16
Passaic,369
Paterson,1219
Patterson,46
Patton,2
PattonVillage,5
PaulsValley,30
Paulsboro,14
PawPaw,17
Pawhuska,19
Pawnee,9
Pawtucket,293
Paxton,20
Payette,23
Paynesville,2
Payson,79
PeaRidge,24
Peabody,126
PeapackGladstone,0
Pearisburg,2
PearlRiver,19
Pearland,113
Pearsall,6
Peck,0
Pecos,93
Peculiar,7
Peekskill,30
Pekin,132
Pelham,30
PelhamManorVillage,7
PelhamVillage,4
PelicanBay,0
PelicanRapids,3
Pelion,2
Pella,10
PembertonBorough,3
PembertonTownship,72
Pembroke,27
PembrokePark,51
PembrokePines,355
Pendleton,54
Peninsula,0
Penitas,7
PennHills,165
PennTownshipButlerCounty,0
PennYanVillage,5
Penndel,5
Pennington,0
PenningtonGap,1
PennsGrove,51
PennsaukenTownship,111
PennsvilleTownship,18
Pensacola,312
Pentwater,2
Peoria,1565
PeoriaHeights,30
Peotone,0
Pepin,4
PepperPike,5
Pepperell,15
PequannockTownship,7
PequeaTownship,9
PequotLakes,2
Peralta,22
Perham,5
Perkins,1
Perris,262
Perry,109
PerryTownshipFranklinCounty,2
PerryTownshipStarkCounty,42
PerryVillage,4
Perrysburg,3
PerrysburgTownship,3
Perryton,11
Perryville,46
PerthAmboy,147
Peru,19
Peshtigo,4
Petal,3
Petaluma,190
Peterborough,11
Petersburg,248
Petoskey,2
PewaukeeVillage,6
PeweeValley,0
Pflugerville,64
Pharr,235
Philip,1
Phillips,1
Phillipsburg,30
PhilmontVillage,0
Phippsburg,1
Phoenix,11830
PhoenixVillage,4
Pickens,19
Pickerington,29
PicoRivera,234
Piedmont,25
PierceTownship,11
PiermontVillage,0
Pierre,65
Pierron,0
Pigeon,0
PigeonForge,47
Piggott,17
Pikeville,24
Pillager,0
PilotGrove,3
PilotKnob,1
PilotRock,5
Pima,0
Pinckney,2
Pinckneyville,11
Pinconning,3
PineBeach,1
PineBluff,644
PineBluffs,2
PineCreekTownship,0
PineHill,30
PineLevel,8
PineMountain,9
PinePlainsTown,0
PineRiver,1
PineValley,0
Pinehurst,12
PinellasPark,206
PinetopLakeside,21
Pineville,184
PingreeGrove,6
Pinole,59
Pioneer,1
PioneerVillage,0
Piperton,0
PippaPasses,0
PiscatawayTownship,47
PismoBeach,29
Pitman,4
PittmanCenter,0
Pittsboro,26
Pittsburg,557
Pittsfield,321
PittsfieldTownship,69
Pittsford,0
Pittsville,1
Placentia,192
Placerville,39
Plainfield,316
PlainsboroTownship,9
Plainview,3
Plainville,39
Plainwell,11
Plaistow,4
Plano,431
PlantCity,162
Plantation,211
Platte,4
PlatteCity,7
PlatteWoods,0
PlattekillTown,2
Platteville,24
PlattsburghCity,36
Plattsmouth,17
PleasantGrove,39
PleasantHill,89
PleasantPlains,0
PleasantPrairie,13
PleasantRidge,0
PleasantValley,1
PleasantView,4
Pleasanton,148
Pleasantville,65
PleasantvilleVillage,6
Plover,20
Plumerville,0
PlumstedTownship,5
Plymouth,355
PlymouthTownship,18
Plympton,4
Pocahontas,43
Pocatello,233
Pocola,4
PocomokeCity,3
PohatcongTownship,0
PointPleasant,15
PointPleasantBeach,5
PointTownship,2
PolandTownship,6
PolandVillage,0
PolkCity,1
Polo,5
Polson,26
Pomona,940
PompanoBeach,900
PomptonLakes,8
PoncaCity,152
PonceInlet,0
Ponchatoula,78
PondCreek,1
Ponder,2
Ponderay,2
Pontiac,797
PontoonBeach,18
Pooler,45
Poquoson,23
PortAllegany,1
PortAllen,33
PortAngeles,117
PortAransas,7
PortArthur,344
PortAustin,1
PortCarbon,1
PortChesterVillage,21
PortClinton,15
PortEdwards,0
PortHueneme,43
PortHuron,218
PortIsabel,8
PortJervis,37
PortNeches,37
PortOrange,30
PortOrchard,66
PortRoyal,40
PortStJoe,7
PortStLucie,293
PortTownsend,41
PortVincent,2
PortWashington,35
Portage,227
Portageville,16
Portales,55
Porter,8
Portersville,0
Porterville,192
Portland,3855
Portsmouth,928
Porum,0
Posen,17
PostFalls,68
Postville,4
Poteau,37
Poteet,6
Potomac,2
Potosi,15
PotsdamVillage,2
Potterville,0
Pottstown,163
Pottsville,13
Poughkeepsie,235
PoughkeepsieTown,70
Poulsbo,19
PoundRidgeTown,1
Poway,51
Powell,24
PowersLake,0
Poynette,4
Prague,6
PrairieCity,1
PrairieGrove,16
PrairieView,5
PrairieVillage,29
PrairieduChien,4
PrairievilleTownship,2
Pratt,18
Premont,16
Prescott,227
PrescottValley,93
PresqueIsle,23
Preston,5
Prestonsburg,6
PriestRiver,6
Primera,3
PrincessAnne,29
Princeton,39
Prineville,38
PriorLake,42
Proctor,5
Prophetstown,0
Prospect,1
ProspectHeights,17
ProspectPark,5
Prosper,14
Prosperity,4
Prosser,7
Providence,892
Provincetown,16
Provo,135
PryorCreek,56
Pulaski,96
PulaskiVillage,0
Pullman,42
PuntaGorda,18
Purcell,20
Purcellville,8
Puryear,2
Putnam,18
Puyallup,133
PymatuningTownship,11
QueenCity,14
Questa,3
Quinby,0
Quincy,690
Quitman,2
QuogueVillage,1
Raceland,2
Racine,291
Radcliff,58
Radford,45
Raeford,17
Rahway,32
Rainier,2
RaisinTownship,6
Raleigh,1222
Ralls,3
RalphoTownship,12
Ralston,12
RamapoTown,68
Ramona,0
Ramsey,27
RanchoCordova,225
RanchoCucamonga,500
RanchoMirage,45
RanchoPalosVerdes,29
RanchoSantaMargarita,30
RanchoViejo,1
Randolph,82
RandolphTownship,8
Rangeley,0
Rangely,3
Rankin,0
Ranson,8
Rantoul,32
RapidCity,540
Raritan,6
RaritanTownship,8
Rathdrum,8
Raton,16
Rattan,0
Ravenden,2
Ravenna,0
Rawlins,26
Ray,0
Raymond,20
Raymondville,126
Raymore,17
Rayne,20
Raynham,28
Raytown,200
Rayville,0
Reading,23
ReadingtonTownship,11
Readstown,0
RedBank,62
RedBluff,133
RedBoilingSprings,8
RedBud,8
RedHookVillage,1
RedLodge,5
RedOak,50
RedSprings,52
RedWing,38
Redding,2
Redfield,4
RedfordTownship,244
RedingtonBeaches,0
Redlands,257
Redmond,142
RedondoBeach,160
RedwoodCity,189
RedwoodFalls,12
ReedCity,18
Reedley,117
Reedsburg,5
Reedsport,16
Reese,2
Refugio,3
Rehoboth,8
RehobothBeach,10
Reidsville,105
Reminderville,0
Reno,1419
RenoLamarCounty,8
RenoParkerCounty,16
Rensselaer,12
Renton,325
Renville,2
Republic,31
Revere,173
Rexburg,6
Reynoldsburg,73
RhinebeckVillage,1
Rhinelander,13
Rialto,595
RibLake,0
Rice,0
RiceLake,21
RichCreek,1
RichHill,0
Richardson,178
Richfield,79
RichfieldTownshipGeneseeCounty,6
RichfieldTownshipRoscommonCounty,4
Richland,110
RichlandCenter,11
RichlandHills,39
RichlandTownshipSaginawCounty,1
Richlands,16
Richmond,2299
RichmondHeights,32
RichtonPark,60
Richwood,3
RidgeFarm,0
RidgeSpring,6
Ridgecrest,142
Ridgefield,17
RidgefieldPark,7
Ridgeland,66
Ridgely,19
Ridgetop,1
Ridgewood,13
RidleyPark,7
Rifle,38
Rigby,3
Rincon,21
Rindge,12
Ringling,2
Ringwood,5
Rio,0
RioDell,11
RioGrande,2
RioGrandeCity,14
RioHondo,7
RioRancho,189
RioVista,11
Ripley,124
Ripon,28
RiponTown,0
Risco,0
RisingSun,6
Ritzville,1
RiverEdge,2
RiverFalls,13
RiverForest,12
RiverGrove,32
RiverHills,1
RiverRouge,80
RiverValeTownship,0
Riverbank,24
Riverdale,142
RiverdalePark,22
RiverheadTown,33
Riverside,1745
RiversideTownship,14
Riverton,65
Riverview,70
Riverwoods,1
RivieraBeach,346
Roanoke,398
RoanokeRapids,128
RoaringBrookTownship,0
Robbins,49
Robbinsdale,56
RobbinsvilleTownship,2
Robersonville,9
RobinsonTownshipAlleghenyCounty,17
RobinsonTownshipWashingtonCounty,4
Rochelle,22
RochelleParkTownship,4
Rochester,1898
RochesterHills,39
RockFalls,7
RockHall,2
RockHill,504
RockIsland,139
RockSprings,44
Rockaway,1
RockawayBeach,7
RockawayTownship,13
Rockdale,24
Rockford,1720
Rockingham,39
Rockland,57
Rockledge,62
Rockleigh,0
Rocklin,67
Rockport,34
Rockton,8
RockvilleCentreVillage,10
Rockwall,50
Rockwell,7
Rockwood,34
RockyHill,12
RockyMount,444
RockyTop,16
Rogers,341
RogersCity,1
Rogersville,17
RogueRiver,7
RohnertPark,267
Roland,7
Rolette,0
Rolla,109
RollingHills,1
RollingHillsEstates,10
RollingMeadows,19
Rollinsford,3
Roma,24
RomanForest,3
Rome,54
RomeTown,4
Romeo,3
Romeoville,78
Romulus,231
RonanCity,19
Ronceverte,2
Roosevelt,30
RooseveltPark,3
Roscoe,11
RoseBud,0
RoseHill,6
Roseau,2
Roseburg,78
Roseland,2
Roselle,83
RosellePark,2
Rosemead,175
Rosemont,36
Rosemount,21
Rosenberg,148
Rosendale,0
RosendaleTown,1
Roseville,522
Rosholt,0
Ross,2
RossTownship,7
RosslynFarms,0
Rossville,1
RostraverTownship,8
Roswell,404
Rothbury,0
Rothschild,7
RotterdamTown,32
RoundLake,16
RoundLakeBeach,40
RoundLakeHeights,4
RoundRock,165
Rowland,8
Rowley,6
Roxana,9
Roxboro,61
RoxburyTownship,3
Roy,58
RoyalCity,2
RoyalOak,61
RoyalPalmBeach,57
Royalton,2
Royersford,8
RoyseCity,22
Rugby,1
Ruidoso,31
RuidosoDowns,19
Ruma,1
Rumford,18
Rumson,0
RunawayBay,0
Runnemede,7
Rupert,4
RuralRetreat,0
RushSprings,8
Rushford,0
Rushville,5
Rusk,5
Russell,23
RussellSprings,8
RussellTownship,1
RussellsPoint,2
Russellville,155
Ruston,86
Rutherford,13
Rutherfordton,0
Rutland,102
RutlandTown,7
Rutledge,0
RyanTownship,0
Rye,1
RyeBrookVillage,0
Sabattus,1
Sabina,5
Sabinal,0
SacCity,2
Sachse,13
SacketsHarborVillage,0
Saco,21
Sacramento,3223
SaddleBrookTownship,1
SaddleRiver,2
Sadieville,0
SafetyHarbor,17
Safford,21
SagHarborVillage,0
SagamoreHills,0
Saginaw,752
SaginawTownship,82
Sahuarita,43
Salado,2
Salamanca,24
Salem,950
Salida,5
Salina,222
Salinas,782
Saline,6
Salineville,2
Salisbury,560
SalisburyTownship,7
Sallisaw,27
Salmon,17
SaltLakeCity,1442
Saltillo,0
Saltville,3
Saluda,9
Salyersville,5
Sammamish,23
SanAngelo,357
SanAntonio,11046
SanAugustine,0
SanBenito,161
SanBernardino,2858
SanBruno,138
SanClemente,87
SanDiego,5222
SanDimas,78
SanElizario,9
SanFernando,80
SanFrancisco,5933
SanGabriel,98
SanJacinto,108
SanJose,4559
SanJuan,173
SanJuanCapistrano,63
SanLeandro,454
SanLuis,33
SanLuisObispo,192
SanMarcos,434
SanMarino,14
SanMateo,266
SanPablo,194
SanRafael,230
SanRamon,58
SanSaba,8
SanYsidro,1
Sanbornton,4
SandCity,9
SandSprings,22
Sandersville,22
Sandoval,7
Sandown,2
Sandpoint,16
SandsPointVillage,1
Sandusky,81
Sandwich,52
Sandy,187
SandySprings,143
SandyTownship,25
Sanford,538
Sanger,156
Sanibel,3
SansomParkVillage,8
SantaAna,1453
SantaBarbara,400
SantaClara,219
SantaClaraIvins,9
SantaClarita,277
SantaCruz,389
SantaFe,15
SantaFeSprings,105
SantaMonica,664
SantaPaula,91
SantaRosa,875
SantaquinGenola,8
Santee,98
Sapulpa,58
SaranacLakeVillage,4
Sarasota,319
Saratoga,17
SaratogaSprings,117
Sarcoxie,2
SatelliteBeach,11
SaugatuckDouglas,0
SaugertiesTown,27
Sauget,3
Saugus,72
SaukCentre,4
SaukPrairie,4
SaukRapids,13
SaukVillage,566
Saukville,1
SaultSteMarie,33
Sausalito,7
Savage,35
Savanna,27
Savannah,70
Sawyer,0
Sayre,8
Sayreville,34
Scappoose,11
Scarborough,11
ScarsdaleVillage,6
Schaumburg,73
Schenectady,528
Schertz,78
SchillerPark,26
SchodackTown,9
SchoharieVillage,0
Schoolcraft,0
Schulenburg,25
Schuyler,3
ScienceHill,0
Scituate,20
ScotchPlainsTownship,14
ScotiaVillage,15
Scotland,0
Scott,12
ScottCity,19
Scottdale,9
ScottsHill,1
ScottsValley,13
Scottsbluff,53
Scottsdale,415
Scottsville,8
Scottville,2
Scranton,1203
SeaBright,2
SeaGirt,1
SeaIsleCity,0
SeaRanchLakes,0
SeaTac,130
Seabrook,24
Seaford,68
Seagoville,14
Seagraves,16
SealBeach,19
Sealy,11
Searcy,199
Searsport,1
Seaside,78
SeasideHeights,12
SeasidePark,3
SeatPleasant,36
Seattle,4471
Sebastian,19
Sebastopol,21
Sebewaing,2
Sebree,0
Sebring,62
Secaucus,41
Sedalia,188
Sedgwick,4
SedroWoolley,11
Seekonk,27
Seguin,84
Seiling,0
Selah,7
Selbyville,12
Seligman,1
Selinsgrove,20
Sellersburg,5
Selma,159
Selmer,19
Seminole,57
Seneca,57
SenecaFallsTown,9
Sequim,16
SergeantBluff,9
SevenHills,7
SevenPoints,8
Severance,2
Sevierville,108
SewallsPoint,2
Seward,11
Seymour,67
ShadyPoint,1
Shafter,53
Shakopee,81
Shallotte,9
ShamokinDam,2
ShandakenTown,0
ShannonHills,17
Sharon,15
Sharpsville,14
Shattuck,4
ShavanoPark,2
ShawangunkTown,2
Shawnee,297
ShawneeTownship,10
Shawneetown,1
Sheboygan,172
SheboyganFalls,3
SheffieldLake,6
Shelburne,1
Shelby,26
ShelbyTownship,99
Shelbyville,350
Shelley,1
Shelton,75
Shenandoah,19
Shepherd,3
Shepherdsville,22
SherburneVillage,0
Sheridan,51
Sherman,183
Sherrill,0
Sherwood,207
Shiloh,14
Shiner,2
Shiocton,0
ShipBottom,0
Shirley,19
Shively,54
Shoreline,95
Shorewood,45
ShorewoodHills,1
ShortsvilleVillage,0
ShowLow,59
Shreveport,1462
Shrewsbury,10
Shullsburg,0
Sibley,0
Sidell,0
Sidney,91
SidneyVillage,16
SierraMadre,15
SierraVista,116
SignalHill,95
SignalMountain,4
SilerCity,67
SiloamSprings,70
Silsbee,14
Silt,10
SilverBay,0
SilverLake,0
Silverthorne,2
Silverton,16
Silvis,53
SimiValley,146
Simla,2
Simpsonville,52
Simsbury,3
SinkingSpring,7
Sinton,46
SiouxCenter,3
SiouxCity,366
SiouxFalls,897
Siren,0
Sisseton,3
Sitka,16
Skagway,1
SkaneatelesVillage,0
Skiatook,12
Skokie,150
Skowhegan,25
Skykomish,0
Slaton,24
Slayton,0
SleepyEye,6
SleepyHollow,0
SleepyHollowVillage,0
Slidell,75
Slinger,5
Smethport,1
SmithTownship,12
Smithfield,94
SmithsGrove,0
Smithsburg,1
Smithton,0
Smithville,38
Smyrna,236
Sneads,4
Snellville,55
Snoqualmie,6
SnowHill,10
SnowflakeTaylor,53
SnowmassVillage,0
Snyder,163
SoapLake,4
SocietyHill,0
Socorro,43
SodaSprings,7
SoddyDaisy,33
SolanaBeach,13
Soldotna,13
Soledad,53
Solon,11
Solvang,10
SolvayVillage,13
Somerdale,12
SomersPoint,11
Somerset,78
SomersetTownship,3
Somersworth,15
Somerton,36
Somerville,191
Somonauk,0
Sonoma,38
Sonora,29
SourLake,9
SouthAmboy,2
SouthBarrington,1
SouthBay,36
SouthBeaverTownship,2
SouthBeloit,13
SouthBend,1357
SouthBerwick,4
SouthBloomfield,5
SouthBoston,28
SouthBoundBrook,1
SouthBrunswickTownship,17
SouthBuffaloTownship,1
SouthBurlington,22
SouthCarthage,20
SouthCentreTownship,2
SouthChicagoHeights,18
SouthCoffeyville,2
SouthCongaree,2
SouthDaytona,30
SouthElMonte,102
SouthElgin,16
SouthEuclid,27
SouthFork,1
SouthFulton,13
SouthGate,622
SouthGlensFallsVillage,4
SouthHackensackTownship,13
SouthHadley,27
SouthHampton,0
SouthHarrisonTownship,1
SouthHaven,24
SouthHeights,0
SouthHill,8
SouthHolland,77
SouthHouston,82
SouthJordan,73
SouthKingstown,19
SouthLakeMinnetonka,12
SouthLakeTahoe,111
SouthLyon,6
SouthMiami,39
SouthMilwaukee,29
SouthOgden,25
SouthOrangeVillage,13
SouthPadreIsland,44
SouthPalmBeach,0
SouthPasadena,33
SouthPekin,4
SouthPittsburg,8
SouthPlainfield,30
SouthPortland,48
SouthRiver,35
SouthRoxana,8
SouthRussell,0
SouthSaltLake,205
SouthSanFrancisco,166
SouthShore,0
SouthSiouxCity,30
SouthStPaul,46
SouthStrabaneTownship,13
SouthTomsRiver,7
SouthWindsor,13
Southampton,9
SouthamptonTown,46
SouthamptonVillage,1
Southaven,92
Southborough,3
Southbridge,79
SouthernPines,46
SouthernShores,1
Southfield,200
Southgate,78
Southington,26
Southlake,10
SoutholdTown,15
Southport,4
SouthsidePlace,3
SouthwestGreensburg,5
SouthwestHarbor,1
SouthwestRanches,7
SouthwestRegionalWashingtonCounty,2
Southwick,10
SpanishFork,7
Sparks,450
Sparta,37
SpartaTownship,4
Spartanburg,448
Spearfish,23
Spearman,3
Spearville,0
Speedway,38
Spencer,48
Sperry,10
SpiritLake,35
Spiro,6
Splendora,8
Spokane,1520
SpokaneValley,311
Spooner,13
SportsmenAcres,0
Spotswood,2
SpringArborTownship,1
SpringCity,5
SpringGreen,0
SpringGrove,3
SpringHill,53
SpringLake,0
SpringLakeHeights,1
SpringLakePark,19
SpringTownshipCentreCounty,3
SpringValley,14
SpringValleyVillage,115
Springboro,1
Springdale,23
Springer,7
Springerville,0
SpringettsburyTownship,28
Springfield,5541
SpringfieldTownship,5
SpringfieldTownshipBurlingtonCounty,2
SpringfieldTownshipHamiltonCounty,50
SpringfieldTownshipMahoningCounty,10
SpringfieldTownshipSummitCounty,36
SpringfieldTownshipUnionCounty,3
Springhill,19
SpringportTownship,3
Springtown,3
Springville,19
StAlbans,84
StAnthony,13
StAugustine,107
StAugustineBeach,4
StCharles,47
StClair,12
StClairShores,107
StClairTownship,5
StCloud,404
StCroixFalls,13
StElmo,1
StFrancis,33
StGeorge,181
StHelena,12
StHelens,41
StIgnace,5
StJames,6
StJohn,4
StJohns,30
StJohnsbury,17
StJohnsvilleVillage,1
StJoseph,456
StJosephTownship,12
StLouis,5812
StLouisPark,89
StMarys,2
StMarysCity,26
StMatthews,31
StMichaels,6
StPaul,1753
StPaulPark,11
StPeteBeach,15
StPeter,16
StPeters,139
StPetersburg,1594
StRobert,21
StStephen,18
Stafford,109
StaffordTownship,32
Stallings,20
StallionSprings,7
Stamford,268
StampingGround,0
Stanfield,6
Stanford,3
Stanhope,1
Stanley,8
Stanton,98
Stanwood,11
Staples,5
StarCity,17
Starbuck,2
Starke,43
StateCollege,54
Staunton,51
Stayton,16
SteGenevieve,9
Steele,4
Steger,38
Steilacoom,13
StephensCity,1
Stephenville,39
Sterling,140
SterlingHeights,167
Steubenville,33
StevensPoint,55
Stevensville,9
Stickney,4
Stigler,5
Stillwater,160
StillwaterTown,1
Stilwell,21
Stockbridge,3
Stockertown,0
Stockton,4382
StoneHarbor,2
StonePark,23
Stoneham,33
Stonington,15
StonyPointTown,10
StormLake,41
StoryCity,7
Stoughton,88
Stow,19
Stowe,1
StoweTownship,29
Strafford,0
Strasburg,13
Stratford,83
Stratham,2
Streamwood,60
Streator,36
Streetsboro,20
Stringtown,0
Strongsville,18
Stroud,8
Strum,0
Struthers,18
Stuart,53
Sturbridge,17
SturgeonBay,4
Sturgis,59
Sturtevant,5
Stuttgart,101
Sudbury,15
Suffield,5
Suffolk,270
SugarCreek,24
SugarHill,0
SugarMountain,0
SugarcreekTownship,5
SugarloafTownshipLuzerneCounty,1
SuisunCity,114
Sullivan,93
SullivanCity,44
SullivansIsland,1
Sulphur,76
SulphurSprings,43
Sultan,8
Sumas,1
Summerset,5
Summersville,7
Summerton,9
Summerville,186
Summit,70
SummitTownship,0
Sumner,39
SumpterTownship,15
Sumter,418
SunPrairie,33
SunValley,2
Sunapee,0
Sunbury,16
Sunderland,4
SunlandPark,65
SunnyIslesBeach,33
Sunnyside,24
Sunnyvale,259
Sunrise,191
SunriseBeach,0
Sunriver,1
Sunset,12
SunsetHills,11
SunsetValley,5
Superior,74
SurfCity,2
Surfside,6
SurfsideBeach,1
Surgoinsville,1
Surprise,138
Surrey,0
Susanville,196
SusquehannaTownshipDauphinCounty,73
Sutherlin,24
SutterCreek,3
Sutton,12
Suwanee,39
Swampscott,8
Swansboro,2
Swansea,59
Swanton,12
Swarthmore,2
SwataraTownship,76
Swedesboro,0
Sweeny,8
SweetSprings,0
Sweetwater,45
Swifton,1
Swissvale,17
Sycamore,22
Sykesville,33
Sylva,9
SylvanLake,2
Sylvania,20
SylvaniaTownship,34
Syracuse,1154
Tacoma,1848
Taft,76
Tahlequah,11
Tahoka,1
TakomaPark,71
Talala,0
Talent,9
Talihina,4
Tallahassee,1359
Tallapoosa,14
Tallmadge,12
Tallulah,35
Tama,21
Tamarac,186
Tampa,1622
Tamworth,2
Taneytown,13
Taos,19
TaosSkiValley,0
Tappahannock,19
Tarkio,0
TarponSprings,102
TarrytownVillage,6
Tatum,2
Taunton,217
Tavares,47
Tavistock,0
Tawas,8
Taylor,420
TaylorMill,2
Taylorsville,0
Taylorville,11
Tazewell,15
Tea,8
Teague,15
TeaneckTownship,56
Tecumseh,42
TegaCay,5
Tehachapi,60
Tekamah,2
TellicoPlains,6
Telluride,3
Temecula,166
Tempe,889
Temple,217
TempleCity,64
TempleTerrace,71
Templeton,13
Tenafly,1
Tenaha,4
Tenino,3
Tequesta,7
TerreduLac,12
Terrell,44
TerrellHills,2
Teterboro,0
Tewksbury,81
TewksburyTownship,2
Texarkana,340
TexasCity,199
Texhoma,2
Texico,0
Thackerville,0
Thatcher,3
Thayer,1
TheColony,122
TheDalles,28
TheVillage,21
Theresa,0
TheresaVillage,0
Thermopolis,13
Thetford,2
ThetfordTownship,0
Thibodaux,81
ThiefRiverFalls,6
Thiensville,0
Thomas,0
ThomasTownship,20
Thomasboro,1
Thomaston,4
Thomasville,52
Thompson,0
Thornton,393
Thorp,0
ThousandOaks,88
Thrall,3
ThreeLakes,1
ThreeOaks,3
ThreeRivers,75
Throop,12
Thunderbolt,4
Thurmont,15
TiadaghtonValleyRegional,8
Tiburon,0
TiconderogaTown,10
Tiffin,9
Tigard,119
Tilden,0
Tilton,20
Timberville,4
Timnath,2
TinicumTownshipBucksCounty,3
TinleyPark,22
TintonFalls,8
Tioga,3
Tipton,11
Tiptonville,15
Tisbury,30
Tishomingo,6
TittabawasseeTownship,6
Titusville,377
Tiverton,11
Toledo,2605
Tolleson,68
Tolono,2
Toluca,1
Tomah,26
Tomahawk,3
Tompkinsville,5
TomsRiverTownship,72
Tonawanda,38
TonawandaTown,83
Tonganoxie,4
Tonkawa,7
Tooele,73
Tool,1
Toone,1
Topeka,895
Toppenish,54
Topsfield,5
Topsham,5
Toronto,9
Torrance,280
Torrington,49
Totowa,15
TowerLakes,0
TownofEastTroy,4
TownofMadison,16
Townsend,10
Tracy,168
TracyCity,8
TravelersRest,5
TraverseCity,66
TreasureIsland,17
Tremonton,14
Trempealeau,1
Trenton,1010
Trezevant,2
Trimble,2
Trinidad,38
Tripp,1
TrophyClub,1
Trotwood,133
Troup,8
Troutman,4
Troy,432
Truckee,31
Truesdale,0
Trumann,41
TrumansburgVillage,1
Trumbull,45
Truro,5
TruthorConsequences,20
Tryon,0
Tualatin,63
TuckahoeVillage,0
Tuckerman,9
Tuckerton,1
Tucson,3775
Tuftonboro,1
Tukwila,158
Tulare,261
Tularosa,7
Tulelake,3
Tulia,29
Tullahoma,143
TulpehockenTownship,1
Tulsa,3964
Tumwater,73
Tupelo,1
Turlock,426
TuscaroraTownship,6
Tuscola,15
Tusculum,0
Tushka,0
Tustin,141
Tuttle,13
TuxedoTown,0
TwentyninePalms,117
TwinFalls,201
TwinLakes,17
TwinValley,0
Twinsburg,17
Twisp,0
TwoHarbors,0
TwoRivers,28
Tye,6
Tyler,401
Tyndall,0
Tyngsboro,19
Tyrone,14
Ubly,4
Uhrichsville,9
Ukiah,110
UlsterTown,16
Ulysses,15
Umatilla,15
UnadillaTownship,8
Unalaska,7
Union,76
UnionBeach,11
UnionCity,559
UnionGap,15
UnionTownship,43
UnionTownshipClermontCounty,48
UnionTownshipLawrenceCounty,15
Uniontown,1
UniversalCity,74
UniversityHeights,19
UniversityPark,6
UniversityPlace,88
Upland,298
UpperArlington,12
UpperBurrellTownship,0
UpperChichesterTownship,28
UpperDublinTownship,7
UpperMarlboro,0
UpperPerkiomen,1
UpperProvidenceTownshipDelawareCounty,2
UpperSaddleRiver,2
UpperSandusky,15
UpperStClairTownship,1
Urbana,139
Urbandale,28
Utica,387
Uvalde,53
Uxbridge,20
Vacaville,331
Valdese,15
Valdez,5
Valentine,9
Vallejo,1037
Valley,1
ValleyBrook,3
ValleyCenter,6
ValleyCity,18
ValleyTownship,14
Valliant,0
Valmeyer,0
Valparaiso,7
Van,5
VanAlstyne,9
VanBuren,125
VanBurenTownship,80
VanWert,23
Vanceburg,1
Vancouver,889
Vandalia,27
Vandling,1
Vassar,10
Veazie,2
VeldaCity,14
Velma,0
Venice,20
VentnorCity,15
Ventura,458
Venus,6
Verden,0
Verdigris,4
Vergennes,5
Vermilion,2
Vermillion,21
Vernon,91
VernonHills,18
VernonTownship,3
VernonVillage,0
Vernonia,2
VeroBeach,54
Verona,25
Versailles,32
Vian,12
Vici,1
Vicksburg,4
Victoria,350
Victorville,988
Vidalia,16
Vidor,20
Vienna,20
ViennaTownship,3
VillaHills,6
VillaPark,38
VillageofLeesburg,0
VillageofPinecrest,18
VillePlatte,9
Vilonia,5
VineGrove,3
Vineland,211
Vinita,11
VinitaPark,159
Vinton,54
Vintondale,0
Viola,0
Virden,10
Virginia,41
VirginiaBeach,581
VirginiaGardens,5
Viroqua,3
Visalia,586
Vista,354
Vonore,8
VoorheesTownship,30
Wabasha,5
Waco,799
Wadena,10
Wadesboro,99
Wadsworth,15
Wagener,1
Wagner,4
Wagoner,14
Wahoo,2
Wahpeton,15
WaiteHill,0
WaitePark,33
WakeForest,24
WakeVillage,28
Wakefield,50
Wakita,0
WaldenVillage,2
Waldoboro,3
Waldron,15
Waldwick,2
Wales,2
Walhalla,7
Walker,80
WallTownship,22
WallaWalla,114
WalledLake,10
Waller,4
Wallingford,17
Wallington,9
Wallis,10
WallkillTown,37
Walnut,38
WalnutCreek,120
WalnutGrove,0
WalnutRidge,11
Walpole,49
Walsh,1
Walterboro,21
Walters,1
Waltham,102
Walworth,2
Wamego,14
Wampum,0
Wanaque,4
Wapakoneta,2
Ward,64
Ware,49
WareShoals,23
Wareham,161
WarminsterTownship,27
Warner,2
WarnerRobins,420
WarrAcres,71
Warren,963
WarrenTownship,24
Warrensburg,63
Warrenton,39
Warrenville,10
WarringtonTownship,23
Warroad,4
Warsaw,16
WarsawVillage,5
WarsonWoods,0
Wartburg,1
Wartrace,2
Warwick,76
Waseca,15
Washburn,12
Washington,7116
WashingtonCourtHouse,39
WashingtonTownshipBergenCounty,1
WashingtonTownshipGloucesterCounty,72
WashingtonTownshipMorrisCounty,12
WashingtonTownshipWarrenCounty,6
WashingtonvilleVillage,1
Washougal,24
Wasilla,48
Watauga,39
Watchung,1
Waterbury,325
Waterford,21
WaterfordTown,0
WaterfordTownandVillage,2
WaterfordTownship,147
Waterloo,307
WaterlooVillage,0
Watertown,311
Waterville,42
WatervilleTownship,0
WatervilleValley,1
Watervliet,50
WatfordCity,42
WatkinsGlenVillage,1
Watonga,3
Watseka,16
Watsonville,328
Watts,1
Wauchula,20
Waukee,15
Waukegan,331
Waukesha,67
Waukomis,1
Waukon,10
Waunakee,15
Waupaca,8
Waupun,3
Waurika,2
Wausau,156
Wauseon,14
Wautoma,1
Wauwatosa,57
Waverly,58
WaverlyVillage,3
Waxhaw,25
Wayland,14
Wayne,121
WayneTownship,30
Waynesboro,92
Waynesville,85
Waynoka,1
Wayzata,1
Weare,4
Weatherford,75
Weathersfield,11
Weaverville,4
WebbTown,1
WeberCity,1
Webster,125
WebsterCity,32
Weed,34
WeedsportVillage,0
WeehawkenTownship,22
Weimar,5
Weiner,4
Weirton,11
Weiser,0
Weissport,0
Welaka,1
Weleetka,7
Wellesley,7
Wellfleet,0
Wellford,1
Wellington,94
Wells,16
Wellsburg,1
Wellston,13
Wellsville,7
WellsvilleVillage,9
Wellton,5
Welsh,20
Wenatchee,62
Wendell,11
Wenham,0
Wenonah,1
Wentzville,88
Weslaco,155
WestAllis,211
WestAmwellTownship,1
WestBend,67
WestBloomfieldTownship,40
WestBountiful,11
WestBoylston,11
WestBranch,0
WestBrandywineTownship,4
WestBridgewater,9
WestBuechel,6
WestBurlington,16
WestCaldwellTownship,2
WestCalnTownship,27
WestCapeMay,1
WestCarrollTownship,5
WestCarrollton,45
WestCarthageVillage,0
WestChesterTownship,67
WestChicago,38
WestCity,1
WestCocalicoTownship,3
WestColumbia,138
WestConcord,0
WestConshohocken,5
WestCornwallTownship,0
WestCovina,260
WestDeptfordTownship,16
WestDundee,3
WestFargo,55
WestFork,5
WestGreenwich,4
WestHartford,36
WestHaven,85
WestHazleton,9
WestHennepin,2
WestHollywood,294
WestJefferson,2
WestJordan,264
WestKittanning,0
WestLafayette,32
WestLakeHills,3
WestLeechburg,0
WestLiberty,2
WestLinn,19
WestLongBranch,0
WestManchesterTownship,27
WestMelbourne,32
WestMemphis,485
WestMiami,12
WestMilfordTownship,13
WestMilwaukee,30
WestMonroe,113
WestNewYork,128
WestNorritonTownship,38
WestNottinghamTownship,0
WestOrange,105
WestPalmBeach,859
WestPark,85
WestPikelandTownship,0
WestPlains,52
WestPoint,43
WestPottsgroveTownship,5
WestReading,30
WestRichland,15
WestSacramento,212
WestSalem,5
WestSenecaTown,67
WestSiloamSprings,3
WestSpringfield,138
WestStPaul,82
WestTisbury,7
WestUnion,3
WestUniversityPlace,6
WestValley,960
WestVincentTownship,2
WestWarwick,54
WestWhitelandTownship,9
WestWildwood,2
WestWindsorTownship,11
WestYellowstone,8
WestamptonTownship,30
Westborough,24
Westbrook,34
Westby,5
Westchester,19
Westerly,15
WesternSprings,3
Westerville,74
Westfield,103
WestfieldVillage,0
Westford,10
WesthamptonBeachVillage,0
Westlake,5
WestlakeVillage,13
Westland,307
Westminster,673
Westmont,16
Westmoreland,6
Weston,46
WestoverHills,0
Westport,32
WesttownEastGoshenRegional,44
Westville,47
Westwego,20
Westwood,10
Westworth,10
Wethersfield,23
Wetumka,5
Wewoka,19
Weymouth,170
Wharton,50
Whately,1
Wheatland,13
Wheaton,45
Wheeling,29
Wheelwright,0
WhisperingPines,0
WhiteBearLake,35
WhiteBluff,7
WhiteCloud,10
WhiteHall,5
WhiteHouse,19
WhiteLakeTownship,25
WhiteOak,4
WhitePigeon,2
WhitePine,2
WhiteSalmon,0
WhiteSettlement,26
WhiteSprings,6
WhiteStone,0
WhiteSulphurSprings,5
Whitefield,4
WhitefishBay,3
Whitehall,117
Whitehouse,14
Whitesboro,6
Whitesburg,1
Whitestown,22
WhitestownTown,0
Whiteville,82
Whitewater,31
Whitman,33
Whitmire,3
Whitney,8
WhitpainTownship,9
Whittier,213
Whitwell,3
Wichita,4451
WichitaFalls,364
Wickenburg,17
Wickliffe,16
Wiggins,5
Wilbraham,21
Wilburton,14
WildRose,0
Wilder,0
Wildomar,61
Wildwood,77
WildwoodCrest,17
WilkesBarre,242
Wilkesboro,15
WilkinsTownship,3
Wilkinsburg,120
Willard,10
Willcox,7
Williams,46
WilliamsBay,1
Williamsburg,43
Williamson,6
Williamston,104
Williamstown,6
Willimantic,22
WillingboroTownship,102
Willis,27
Williston,172
Willits,16
Willmar,84
Willoughby,19
WillowPark,5
WillowSprings,15
WillsPoint,8
Wilmer,8
Wilmette,9
Wilmington,1881
Wilmore,0
Wilson,243
Wilton,16
WiltonManors,62
Winchendon,37
Winchester,188
WindPoint,1
Windermere,7
Windham,21
WindhamTown,2
Windom,33
Windsor,95
WindsorHeights,13
WindsorLocks,8
Winfield,33
WinfieldTownship,0
Winhall,0
Winlock,1
Winnebago,1
Winneconne,2
Winnemucca,8
Winnetka,1
Winnfield,24
Winnsboro,28
Winona,30
Winooski,23
Winslow,133
WinslowTownship,67
Winsted,1
Winston,10
WinterGarden,181
WinterHarbor,0
WinterHaven,187
WinterPark,70
WinterSprings,46
Winters,21
Wintersville,6
Winterville,9
Winthrop,45
Wiscasset,2
WisconsinRapids,28
Wise,3
Wishek,2
Witt,0
Wixom,24
Woburn,70
Wolcott,7
WolfPoint,26
Wolfeboro,4
Wolfforth,3
WolverineLake,1
Womelsdorf,1
WoodDale,13
WoodRidge,1
Woodbridge,6
WoodbridgeTownship,111
Woodburn,90
Woodbury,88
WoodburyHeights,1
WoodburyTown,3
WoodcliffLake,2
Woodhaven,13
Woodinville,10
Woodlake,28
Woodland,235
WoodlandPark,25
WoodlandTownship,0
Woodlawn,6
Woodlynne,12
Woodridge,37
WoodridgeVillage,4
Woodruff,8
WoodsCross,42
Woodstock,69
WoodstockTown,3
Woodstown,1
Woodward,31
Woodway,16
WoolwichTownship,2
Woonsocket,237
Wooster,110
Worcester,1165
Worland,8
Worth,31
Wortham,7
Worthington,42
Wrangell,2
Wray,1
Wrentham,4
WrightsvilleBeach,30
Wyandotte,60
WyckoffTownship,5
Wylie,37
Wynne,79
Wynnewood,13
Wynona,0
Wyoming,378
Wyomissing,18
Wytheville,5
Xenia,74
Yakima,420
Yale,9
Yankton,86
Yarmouth,99
YarrowPoint,0
YatesCity,0
YellowSprings,7
Yelm,32
Yemassee,17
Yerington,6
Yoakum,20
Yonkers,708
YorbaLinda,42
York,91
YorktownTown,8
Yorkville,28
YoungstownVillage,0
Youngsville,16
Yountville,5
Ypsilanti,216
Yreka,28
YubaCity,241
Yucaipa,200
YuccaValley,160
Yukon,45
Yuma,380
Zachary,79
Zanesville,89
Zebulon,24
Zeeland,11
Zephyrhills,49
Zilwaukee,0
Zion,130
Zionsville,4
Zumbrota,2
